Gene,ENSG_ID,Concentration,Sample_Type,Number_of_Samples,PubMed_ID
A1BG,ENSG00000121410,2.0E11,Plasma,10-100,25276097
A2M,ENSG00000175899,9.5E11,Plasma,10-100,22641612
ACE,ENSG00000159640,7.3E7,Plasma,10-100,30059342
ACE,ENSG00000159640,9.4E7,Plasma,10-100,22641612
ACP3,ENSG00000014257,1.9E5,Plasma,10-100,22641612
ADIPOQ,ENSG00000181092,5.0E9,Plasma,10-100,22641612
ADM,ENSG00000148926,3.9E4,Plasma,10-100,25433141
ADM,ENSG00000148926,2.3E4,Plasma,10-100,26767798
ADM2,ENSG00000128165,1.2E5,Plasma,10-100,25495100
ADM2,ENSG00000128165,5.0E3,Plasma,10-100,26767798
AFP,ENSG00000081051,2.0E6,Plasma,10-100,22641612
AGGF1,ENSG00000164252,2.7E5,Plasma,10-100,38529068
AGT,ENSG00000135744,7.9E6,Plasma,10-100,22641612
AHSG,ENSG00000145192,2.3E11,Plasma,100+,25611809
AHSG,ENSG00000145192,1.3E12,Plasma,10-100,22641612
ALB,ENSG00000163631,4.0E13,Plasma,1-9,16038022
ANGPT2,ENSG00000091879,9.5E6,Plasma,100+,27372077
ANGPT2,ENSG00000091879,3.8E6,Plasma,10-100,22641612
ANXA2,ENSG00000182718,7.8E3,Plasma,10-100,38088940
APOA1,ENSG00000118137,1.4E12,Plasma,N/A,16038022
APOA1,ENSG00000118137,3.0E12,Plasma,100+,22701550
APOA1,ENSG00000118137,7.0E11,Plasma,10-100,22641612
APOA2,ENSG00000158874,3.0E11,Plasma,N/A,16038022
APOA2,ENSG00000158874,1.6E11,Plasma,100+,22701550
APOA2,ENSG00000158874,4.9E8,Plasma,10-100,22641612
APOA4,ENSG00000110244,1.5E10,Plasma,10-100,22641612
APOA5,ENSG00000110243,1.1E8,Plasma,100+,16917759
APOB,ENSG00000084674,7.2E11,Plasma,1-9,16038022
APOB,ENSG00000084674,1.9E12,Plasma,100+,22701550
APOB,ENSG00000084674,1.9E12,Plasma,10-100,22641612
APOC1,ENSG00000130208,6.0E10,Plasma,10-100,7471419
APOC1,ENSG00000130208,4.0E8,Plasma,10-100,22641612
APOC2,ENSG00000234906,4.3E10,Plasma,10-100,7471419
APOC3,ENSG00000110245,6.4E10,Plasma,100+,22701550
APOC3,ENSG00000110245,1.1E11,Plasma,100+,26069232
APOC3,ENSG00000110245,1.3E11,Plasma,10-100,22641612
APOC4,ENSG00000267467,1.0E9,Plasma,10-100,12700345
APOD,ENSG00000189058,2.8E7,Plasma,10-100,29780571
APOD,ENSG00000189058,1.5E11,Plasma,10-100,22641612
APOE,ENSG00000130203,3.6E10,Plasma,100+,22701550
APOE,ENSG00000130203,3.9E10,Plasma,100+,26069232
APOE,ENSG00000130203,7.0E10,Plasma,10-100,22641612
APOF,ENSG00000175336,1.8E10,Plasma,1-9,6816269
APOH,ENSG00000091583,1.7E11,Plasma,100+,22701550
APOH,ENSG00000091583,2.8E11,Plasma,10-100,22641612
APOL1,ENSG00000100342,3.2E9,Plasma,10-100,24231663
APOM,ENSG00000204444,8.6E6,Plasma,100+,23660425
APOM,ENSG00000204444,1.5E10,Plasma,10-100,28476116
APOO,ENSG00000184831,2.2E9,Plasma,100+,22693255
AZGP1,ENSG00000160862,5.1E10,Plasma,10-100,25708842
AZGP1,ENSG00000160862,5.9E10,Plasma,10-100,27611858
B2M,ENSG00000166710,1.6E9,Plasma,10-100,22641612
BDNF,ENSG00000176697,6.2E4,Plasma,100+,30459647
BDNF,ENSG00000176697,2.4E6,Plasma,10-100,22641612
BGLAP,ENSG00000242252,1.6E7,Plasma,10-100,18854347
BMP10,ENSG00000163217,8.1E3,Plasma,10-100,33606840
BMP2,ENSG00000125845,1.7E4,Plasma,10-100,26003174
BMP2,ENSG00000125845,3.5E4,Plasma,10-100,28331138
BMP2,ENSG00000125845,2.1E4,Plasma,10-100,28558956
BMP6,ENSG00000153162,1.0E5,Plasma,10-100,27592865
BMP6,ENSG00000153162,1.4E7,Plasma,10-100,22641612
BPI,ENSG00000101425,4.6E6,Plasma,10-100,19765220
BPI,ENSG00000101425,1.0E7,Plasma,10-100,23317166
BTC,ENSG00000174808,3.2E5,Plasma,10-100,22641612
C1QC,ENSG00000159189,5.1E8,Plasma,10-100,24647646
C1QTNF1,ENSG00000173918,3.1E8,Plasma,10-100,24945145
C1QTNF1,ENSG00000173918,3.2E8,Plasma,10-100,25767880
C1QTNF3,ENSG00000082196,4.4E7,Plasma,10-100,28754090
C1QTNF5,ENSG00000223953,1.6E8,Plasma,10-100,26613006
C1S,ENSG00000182326,9.3E10,Plasma,1-9,9574573
C3,ENSG00000125730,9.2E11,Plasma,100+,16363249
C3,ENSG00000125730,1.2E12,Plasma,100+,29029276
C3,ENSG00000125730,1.7E12,Plasma,10-100,22641612
C4A,ENSG00000244731,3.4E8,Plasma,10-100,16293803
C4B,ENSG00000224389,2.9E11,Plasma,10-100,7665439
C4BPB,ENSG00000123843,2.6E11,Plasma,100+,19563958
C5,ENSG00000106804,2.6E10,Plasma,100+,29110694
C9,ENSG00000113600,8.2E10,Plasma,100+,29110694
C9,ENSG00000113600,5.8E10,Plasma,10-100,3871890
CALCA,ENSG00000110680,1.9E5,Plasma,N/A,16038022
CALCA,ENSG00000110680,9.3E3,Plasma,10-100,22641612
CAMP,ENSG00000164047,6.5E8,Plasma,100+,19133797
CAMP,ENSG00000164047,2.1E7,Plasma,10-100,25973241
CAMP,ENSG00000164047,1.2E9,Plasma,10-100,9328568
CCK,ENSG00000187094,4.4E7,Plasma,10-100,31541684
CCL1,ENSG00000108702,2.6E4,Plasma,10-100,29244857
CCL1,ENSG00000108702,2.7E5,Plasma,10-100,22641612
CCL11,ENSG00000172156,5.2E4,Plasma,100+,17845580
CCL11,ENSG00000172156,5.0E4,Plasma,N/A,21886162
CCL11,ENSG00000172156,6.3E4,Plasma,10-100,22641612
CCL13,ENSG00000181374,4.1E5,Plasma,10-100,29244857
CCL13,ENSG00000181374,3.8E5,Plasma,10-100,22641612
CCL16,ENSG00000275152,5.4E6,Plasma,10-100,22641612
CCL17,ENSG00000102970,2.4E4,Plasma,10-100,14677179
CCL17,ENSG00000102970,2.1E4,Plasma,10-100,30214382
CCL18,ENSG00000275385,2.3E7,Plasma,10-100,14578205
CCL18,ENSG00000275385,5.2E7,Plasma,10-100,28222799
CCL18,ENSG00000275385,9.0E7,Plasma,10-100,22641612
CCL2,ENSG00000108691,1.4E5,Plasma,10-100,30214382
CCL2,ENSG00000108691,1.8E5,Plasma,10-100,22641612
CCL20,ENSG00000115009,8.3E4,Plasma,10-100,22641612
CCL21,ENSG00000137077,2.9E4,Plasma,10-100,30214382
CCL22,ENSG00000102962,3.8E5,Plasma,10-100,22641612
CCL23,ENSG00000274736,1.5E6,Plasma,10-100,22641612
CCL24,ENSG00000106178,2.0E5,Plasma,100+,15744457
CCL24,ENSG00000106178,3.6E5,Plasma,10-100,30214382
CCL25,ENSG00000131142,2.3E8,Plasma,10-100,22641612
CCL26,ENSG00000006606,4.9E4,Plasma,10-100,30214382
CCL26,ENSG00000006606,3.3E5,Plasma,10-100,22641612
CCL27,ENSG00000213927,3.6E5,Plasma,100+,29295705
CCL27,ENSG00000213927,5.6E5,Plasma,10-100,30214382
CCL3,ENSG00000277632,4.6E3,Plasma,10-100,30214382
CCL3,ENSG00000277632,1.5E5,Plasma,10-100,22641612
CCL4,ENSG00000275302,2.6E4,Plasma,10-100,30214382
CCL4,ENSG00000275302,1.1E5,Plasma,10-100,22641612
CCL5,ENSG00000271503,6.3E6,Plasma,10-100,30214382
CCL5,ENSG00000271503,1.6E7,Plasma,10-100,22641612
CCL7,ENSG00000108688,9.4E4,Plasma,1-9,29363152
CCL7,ENSG00000108688,2.1E4,Plasma,10-100,22641612
CCL8,ENSG00000108700,2.1E4,Plasma,10-100,30214382
CCL8,ENSG00000108700,3.5E4,Plasma,10-100,22641612
CCN3,ENSG00000136999,6.1E6,Plasma,100+,23785511
CD14,ENSG00000170458,2.3E9,Plasma,100+,21252259
CD163,ENSG00000177575,3.0E7,Plasma,10-100,18632918
CD163,ENSG00000177575,8.1E8,Plasma,1-9,25392926
CD40,ENSG00000101017,6.2E5,Plasma,10-100,22641612
CD40LG,ENSG00000102245,7.9E4,Plasma,10-100,15708899
CD40LG,ENSG00000102245,4.5E5,Plasma,10-100,22641612
CD44,ENSG00000026508,2.6E8,Plasma,10-100,10471052
CD5L,ENSG00000073754,3.1E9,Plasma,10-100,22641612
CFB,ENSG00000243649,8.8E8,Plasma,10-100,25780008
CFD,ENSG00000197766,1.3E9,Plasma,1-9,27179311
CFD,ENSG00000197766,2.5E7,Plasma,10-100,27442006
CFH,ENSG00000000971,2.9E11,Plasma,10-100,29798743
CFH,ENSG00000000971,2.6E11,Plasma,100+,30087905
CFHR1,ENSG00000244414,7.5E10,Plasma,10-100,30975435
CFHR2,ENSG00000080910,4.0E10,Plasma,10-100,30975435
CFHR3,ENSG00000116785,6.1E8,Plasma,10-100,29740447
CFHR4,ENSG00000134365,5.0E10,Plasma,10-100,30975435
CFI,ENSG00000205403,1.9E10,Plasma,100+,22969267
CFI,ENSG00000205403,4.2E10,Plasma,100+,32516404
CHI3L1,ENSG00000133048,3.3E7,Plasma,10-100,28588347
CHI3L1,ENSG00000133048,3.9E6,Plasma,10-100,30311184
CLEC18A,ENSG00000157322,3.1E6,Plasma,10-100,34779387
CLEC3B,ENSG00000163815,4.5E9,Plasma,100+,30006491
CLU,ENSG00000120885,2.4E11,Plasma,100+,29169407
CLU,ENSG00000120885,1.1E11,Plasma,10-100,29200898
CLU,ENSG00000120885,2.7E11,Plasma,10-100,22641612
COLEC11,ENSG00000118004,2.4E8,Plasma,100+,30995222
COLEC11,ENSG00000118004,3.4E8,Plasma,100+,21893516
CP,ENSG00000047457,1.6E11,Plasma,10-100,21401300
CPA3,ENSG00000163751,3.7E4,Plasma,10-100,29479356
CRH,ENSG00000147571,1.0E4,Plasma,1-9,20807418
CRHBP,ENSG00000145708,7.2E8,Plasma,N/A,7852886
CRP,ENSG00000132693,1.7E9,Plasma,100+,19289618
CRP,ENSG00000132693,5.0E9,Plasma,10-100,22641612
CSF1,ENSG00000184371,2.8E5,Plasma,100+,26915610
CSF1,ENSG00000184371,4.0E4,Plasma,10-100,22641612
CSF2,ENSG00000164400,5.5E3,Plasma,10-100,10764326
CSF2,ENSG00000164400,6.7E4,Plasma,10-100,23481156
CSF2,ENSG00000164400,7.3E3,Plasma,1-9,22641612
CSF3,ENSG00000108342,5.7E3,Plasma,10-100,22641612
CST3,ENSG00000101439,1.0E9,Plasma,10-100,22641612
CTF1,ENSG00000150281,1.2E4,Plasma,10-100,23783568
CX3CL1,ENSG00000006210,2.5E5,Plasma,10-100,22260220
CX3CL1,ENSG00000006210,3.5E6,Plasma,10-100,26615570
CXCL1,ENSG00000163739,7.5E5,Plasma,10-100,27683405
CXCL1,ENSG00000163739,2.0E3,Plasma,100+,27958346
CXCL1,ENSG00000163739,3.4E5,Plasma,10-100,29224368
CXCL1,ENSG00000163739,1.2E5,Plasma,10-100,28446981
CXCL1,ENSG00000163739,6.0E4,Plasma,10-100,28870907
CXCL1,ENSG00000163739,1.1E6,Plasma,10-100,22641612
CXCL10,ENSG00000169245,1.5E5,Plasma,10-100,25902883
CXCL10,ENSG00000169245,2.8E4,Plasma,10-100,28446981
CXCL10,ENSG00000169245,3.9E5,Plasma,10-100,30214382
CXCL10,ENSG00000169245,4.4E5,Plasma,10-100,22641612
CXCL11,ENSG00000169248,5.0E5,Plasma,10-100,23028695
CXCL11,ENSG00000169248,5.0E4,Plasma,10-100,26639244
CXCL11,ENSG00000169248,1.2E4,Plasma,10-100,28446981
CXCL12,ENSG00000107562,3.3E4,Plasma,10-100,28446981
CXCL12,ENSG00000107562,2.0E6,Plasma,10-100,30214382
CXCL13,ENSG00000156234,3.1E5,Plasma,10-100,26639244
CXCL13,ENSG00000156234,2.2E4,Plasma,10-100,30214382
CXCL13,ENSG00000156234,6.1E4,Plasma,10-100,22641612
CXCL14,ENSG00000145824,8.0E5,Plasma,10-100,28250200
CXCL16,ENSG00000161921,5.0E5,Plasma,10-100,28293269
CXCL16,ENSG00000161921,2.4E6,Plasma,10-100,29981574
CXCL16,ENSG00000161921,4.5E5,Plasma,10-100,30176661
CXCL3,ENSG00000163734,2.9E4,Plasma,10-100,25485631
CXCL5,ENSG00000163735,2.4E5,Plasma,10-100,24702175
CXCL5,ENSG00000163735,8.8E5,Plasma,10-100,28446981
CXCL5,ENSG00000163735,4.2E5,Plasma,10-100,30214382
CXCL5,ENSG00000163735,1.8E6,Plasma,10-100,22641612
CXCL6,ENSG00000124875,2.4E5,Plasma,10-100,28446981
CXCL6,ENSG00000124875,5.3E4,Plasma,10-100,29950891
CXCL8,ENSG00000169429,5.6E3,Plasma,10-100,24574151
CXCL8,ENSG00000169429,6.0E3,Plasma,10-100,28446981
CXCL8,ENSG00000169429,7.3E3,Plasma,10-100,30350094
CXCL8,ENSG00000169429,7.3E3,Plasma,10-100,22641612
CXCL9,ENSG00000138755,2.3E5,Plasma,10-100,24574151
CXCL9,ENSG00000138755,4.3E5,Plasma,10-100,26615570
CXCL9,ENSG00000138755,9.9E5,Plasma,10-100,28446981
CXCL9,ENSG00000138755,2.1E6,Plasma,10-100,22641612
DPP4,ENSG00000197635,5.8E8,Plasma,100+,32724076
DPP4,ENSG00000197635,7.0E8,Plasma,10-100,29587190
EDN1,ENSG00000078401,1.4E3,Plasma,10-100,23828677
EDN1,ENSG00000078401,8.0E2,Plasma,10-100,25687384
EDN1,ENSG00000078401,2.7E4,Plasma,10-100,22641612
EDN3,ENSG00000124205,5.8E3,Plasma,10-100,10660455
EDN3,ENSG00000124205,5.6E4,Plasma,10-100,9595519
EGFR,ENSG00000146648,4.5E6,Plasma,10-100,22641612
ELANE,ENSG00000197561,7.0E7,Plasma,100+,31046673
EPO,ENSG00000130427,1.7E4,Plasma,10-100,22641612
EREG,ENSG00000124882,4.1E4,Plasma,10-100,22641612
ERFE,ENSG00000178752,2.8E5,Plasma,100+,26496240
ESM1,ENSG00000164283,9.1E5,Plasma,10-100,24108208
ESM1,ENSG00000164283,2.1E6,Plasma,100+,29104463
ESM1,ENSG00000164283,1.6E6,Plasma,10-100,29674200
F12,ENSG00000131187,1.0E6,Plasma,10-100,12215862
F2,ENSG00000180210,1.1E11,Plasma,100+,10974339
F2,ENSG00000180210,1.1E11,Plasma,100+,10974339
F3,ENSG00000117525,2.2E5,Plasma,10-100,28749986
F3,ENSG00000117525,7.7E5,Plasma,1-9,22641612
F5,ENSG00000198734,8.3E9,Plasma,10-100,18391077
F5,ENSG00000198734,7.0E9,Plasma,10-100,7082847
F7,ENSG00000057593,3.6E6,Plasma,100+,8427965
F7,ENSG00000057593,7.0E8,Plasma,10-100,22641612
FAM3B,ENSG00000183844,4.0E6,Plasma,100+,27181109
FAP,ENSG00000078098,1.1E8,Plasma,100+,23932048
FAS,ENSG00000026103,1.2E7,Plasma,10-100,22641612
FASLG,ENSG00000117560,1.0E5,Plasma,10-100,19176318
FASLG,ENSG00000117560,8.7E4,Plasma,10-100,22641612
FBN1,ENSG00000166147,5.1E7,Plasma,10-100,31884007
FCN1,ENSG00000085265,3.0E8,Plasma,10-100,25069872
FCN1,ENSG00000085265,1.2E9,Plasma,10-100,27734336
FCN2,ENSG00000160339,1.2E10,Plasma,100+,20937340
FCN2,ENSG00000160339,7.0E9,Plasma,10-100,23911396
FCN2,ENSG00000160339,5.0E9,Plasma,10-100,25069872
FCN3,ENSG00000142748,1.7E10,Plasma,10-100,25069872
FCN3,ENSG00000142748,3.3E10,Plasma,10-100,27734336
FGG,ENSG00000171557,2.5E11,Plasma,100+,17263791
FGG,ENSG00000171557,2.3E11,Plasma,100+,20348406
FGG,ENSG00000171557,2.9E11,Plasma,100+,26494231
FGG,ENSG00000171557,3.0E11,Plasma,100+,26494231
FGL1,ENSG00000104760,4.0E5,Plasma,10-100,34956878
FGL1,ENSG00000104760,1.0E8,Plasma,10-100,30580966
FGL1,ENSG00000104760,6.9E5,Plasma,100+,31908014
FGL2,ENSG00000127951,3.6E7,Plasma,10-100,20615566
FGL2,ENSG00000127951,6.2E7,Plasma,100+,30419833
FLT4,ENSG00000037280,2.0E7,Plasma,100+,22819208
FN1,ENSG00000115414,2.3E11,Plasma,10-100,34768846
FST,ENSG00000134363,1.2E6,Plasma,10-100,32112102
FST,ENSG00000134363,1.3E6,Plasma,10-100,21350111
GAL,ENSG00000069482,1.9E4,Plasma,10-100,24503374
GAL,ENSG00000069482,1.0E5,Plasma,1-9,25912957
GAS6,ENSG00000183087,7.8E6,Plasma,100+,28150505
GAS6,ENSG00000183087,9.9E6,Plasma,100+,28150505
GAS6,ENSG00000183087,1.3E7,Plasma,100+,28513288
GAS6,ENSG00000183087,5.4E6,Plasma,10-100,28537534
GCG,ENSG00000115263,7.6E4,Plasma,10-100,25978809
GCG,ENSG00000115263,8.0E4,Plasma,100+,29126197
GCG,ENSG00000115263,2.3E5,Plasma,10-100,22641612
GDF11,ENSG00000135414,4.0E4,Plasma,10-100,30165829
GDF11,ENSG00000135414,5.2E4,Plasma,10-100,30165829
GDF15,ENSG00000130513,1.4E6,Plasma,100+,21536998
GDF15,ENSG00000130513,1.1E6,Plasma,100+,23529704
GDF15,ENSG00000130513,1.3E6,Plasma,100+,28245821
GDF2,ENSG00000263761,3.1E5,Plasma,10-100,23271691
GH1,ENSG00000259384,3.3E6,Plasma,10-100,22641612
GHRL,ENSG00000157017,7.4E6,Plasma,10-100,27693487
GHRL,ENSG00000157017,2.2E5,Plasma,10-100,28146431
GIP,ENSG00000159224,3.9E4,Plasma,10-100,26895276
GIP,ENSG00000159224,2.9E4,Plasma,10-100,28027898
GNLY,ENSG00000115523,2.6E6,Plasma,100+,17382591
GNLY,ENSG00000115523,2.5E6,Plasma,10-100,21545511
GPLD1,ENSG00000112293,1.6E11,Plasma,100+,27351175
GPLD1,ENSG00000112293,4.0E10,Plasma,10-100,28336724
GPX3,ENSG00000211445,2.2E9,Plasma,10-100,18936159
GREM1,ENSG00000166923,3.5E8,Plasma,10-100,25116393
GREM1,ENSG00000166923,1.5E8,Plasma,10-100,25926293
GREM1,ENSG00000166923,2.2E8,Plasma,100+,27101443
GSN,ENSG00000148180,8.1E10,Plasma,10-100,16495706
GSN,ENSG00000148180,1.3E11,Plasma,10-100,18706105
GSN,ENSG00000148180,1.3E11,Plasma,100+,23880145
GUCA2B,ENSG00000044012,8.2E4,Plasma,10-100,27108812
GUCA2B,ENSG00000044012,7.3E4,Plasma,10-100,27108812
HABP2,ENSG00000148702,1.2E10,Plasma,100+,22409238
HABP2,ENSG00000148702,2.0E10,Plasma,10-100,22850287
HABP2,ENSG00000148702,2.9E10,Plasma,10-100,23575879
HAMP,ENSG00000105697,1.9E6,Plasma,100+,26252205
HBEGF,ENSG00000113070,6.3E4,Plasma,10-100,11922634
HBEGF,ENSG00000113070,1.6E4,Plasma,10-100,9618289
HBEGF,ENSG00000113070,9.3E4,Plasma,10-100,22641612
HGF,ENSG00000019991,3.9E6,Plasma,10-100,22641612
HGFAC,ENSG00000109758,4.9E6,Plasma,10-100,16445520
HLA-G,ENSG00000204632,2.7E7,Plasma,10-100,11169254
HLA-G,ENSG00000204632,3.9E7,Plasma,100+,16441481
HP,ENSG00000257017,1.9E8,Plasma,10-100,21296538
HP,ENSG00000257017,1.8E8,Plasma,10-100,24130793
HP,ENSG00000257017,2.4E12,Plasma,10-100,22641612
HPX,ENSG00000110169,7.5E11,Plasma,1-9,16038022
HPX,ENSG00000110169,1.0E11,Plasma,10-100,30046137
HRG,ENSG00000113905,1.1E11,Plasma,10-100,26525373
HRG,ENSG00000113905,1.3E11,Plasma,1-9,3958188
HTRA1,ENSG00000166033,1.2E6,Plasma,10-100,23083999
HTRA1,ENSG00000166033,4.8E7,Plasma,100+,27058767
IAPP,ENSG00000121351,1.2E4,Plasma,10-100,2055340
IAPP,ENSG00000121351,1.2E6,Plasma,100+,31433485
IFNA2,ENSG00000188379,4.4E5,Plasma,10-100,19403065
IGF1,ENSG00000017427,1.7E8,Plasma,100+,10794477
IGF1,ENSG00000017427,1.9E7,Plasma,10-100,22641612
IGF2,ENSG00000167244,5.3E8,Plasma,100+,11597555
IGF2,ENSG00000167244,3.4E8,Plasma,10-100,15159305
IGFALS,ENSG00000099769,1.6E10,Plasma,100+,20142246
IGFBP2,ENSG00000115457,6.6E7,Plasma,10-100,22641612
IGFBP3,ENSG00000146674,3.1E9,Plasma,10-100,10203281
IGFBP3,ENSG00000146674,3.8E9,Plasma,100+,10794477
IGFBP4,ENSG00000141753,1.9E8,Plasma,100+,11380497
IGFBP4,ENSG00000141753,1.9E8,Plasma,100+,11380497
IGFBP6,ENSG00000167779,1.5E8,Plasma,100+,10468926
IGFBP6,ENSG00000167779,1.4E8,Plasma,100+,10468926
IL10,ENSG00000136634,6.0E3,Plasma,10-100,26528066
IL10,ENSG00000136634,5.0E3,Plasma,10-100,27593211
IL10,ENSG00000136634,3.3E3,Plasma,10-100,28237910
IL10,ENSG00000136634,6.6E3,Plasma,10-100,22641612
IL11,ENSG00000095752,1.2E4,Plasma,10-100,21986128
IL11,ENSG00000095752,2.5E4,Plasma,10-100,25123265
IL11,ENSG00000095752,6.8E4,Plasma,10-100,22641612
IL12B,ENSG00000113302,5.0E4,Plasma,10-100,9325021
IL12B,ENSG00000113302,1.7E5,Plasma,10-100,22641612
IL13,ENSG00000169194,9.8E4,Plasma,10-100,21228779
IL13,ENSG00000169194,1.4E3,Plasma,10-100,23028695
IL13,ENSG00000169194,2.3E3,Plasma,10-100,29665135
IL13,ENSG00000169194,4.9E4,Plasma,10-100,22641612
IL15,ENSG00000164136,1.5E4,Plasma,10-100,23028695
IL15,ENSG00000164136,4.1E3,Plasma,100+,27313138
IL15,ENSG00000164136,4.3E4,Plasma,10-100,29665135
IL15,ENSG00000164136,4.2E5,Plasma,10-100,22641612
IL16,ENSG00000172349,8.8E4,Plasma,10-100,26885237
IL16,ENSG00000172349,3.0E5,Plasma,10-100,22641612
IL17A,ENSG00000112115,2.0E2,Plasma,10-100,28450958
IL17A,ENSG00000112115,2.0E4,Plasma,10-100,29665135
IL18,ENSG00000150782,1.0E5,Plasma,10-100,26905640
IL18,ENSG00000150782,2.6E5,Plasma,10-100,22641612
IL18BP,ENSG00000137496,9.2E5,Plasma,10-100,19077159
IL19,ENSG00000142224,2.5E5,Plasma,10-100,15557163
IL19,ENSG00000142224,2.5E5,Plasma,10-100,26968800
IL19,ENSG00000142224,1.6E4,Plasma,10-100,27182008
IL1A,ENSG00000115008,2.0E2,Plasma,10-100,26660358
IL1A,ENSG00000115008,2.6E4,Plasma,100+,27313138
IL1A,ENSG00000115008,1.0E4,Plasma,10-100,22641612
IL1B,ENSG00000125538,5.0E3,Plasma,10-100,23028695
IL1B,ENSG00000125538,3.6E3,Plasma,100+,27313138
IL1B,ENSG00000125538,1.6E3,Plasma,10-100,29665135
IL1B,ENSG00000125538,1.1E3,Plasma,10-100,22641612
IL1R2,ENSG00000115590,1.0E7,Plasma,1-9,22606320
IL1RL1,ENSG00000115602,2.2E7,Plasma,10-100,27766733
IL1RL1,ENSG00000115602,2.2E5,Plasma,100+,29279523
IL1RL1,ENSG00000115602,3.5E7,Plasma,10-100,29325227
IL1RN,ENSG00000136689,3.5E4,Plasma,100+,16886894
IL1RN,ENSG00000136689,5.5E5,Plasma,10-100,26994310
IL1RN,ENSG00000136689,6.8E5,Plasma,100+,9710237
IL1RN,ENSG00000136689,6.8E4,Plasma,10-100,22641612
IL2,ENSG00000109471,2.4E3,Plasma,10-100,10488965
IL2,ENSG00000109471,4.5E4,Plasma,10-100,23028695
IL2,ENSG00000109471,2.0E4,Plasma,10-100,22641612
IL20,ENSG00000162891,2.0E5,Plasma,10-100,26968800
IL22,ENSG00000127318,2.5E5,Plasma,100+,28170163
IL24,ENSG00000162892,1.0E5,Plasma,10-100,26968800
IL24,ENSG00000162892,2.7E5,Plasma,10-100,28369789
IL25,ENSG00000166090,2.1E4,Plasma,10-100,24247484
IL25,ENSG00000166090,3.0E3,Plasma,1-9,22641612
IL27,ENSG00000197272,1.0E6,Plasma,100+,24975574
IL3,ENSG00000164399,2.0E2,Plasma,10-100,9476461
IL3,ENSG00000164399,3.0E4,Plasma,10-100,22641612
IL31,ENSG00000204671,1.9E4,Plasma,10-100,29259273
IL32,ENSG00000008517,9.4E4,Plasma,100+,27069296
IL37,ENSG00000125571,1.2E5,Plasma,10-100,24733959
IL37,ENSG00000125571,8.5E4,Plasma,10-100,26547368
IL4,ENSG00000113520,4.0E2,Plasma,10-100,23028695
IL4,ENSG00000113520,1.8E4,Plasma,10-100,22641612
IL5,ENSG00000113525,4.3E2,Plasma,100+,25587992
IL5,ENSG00000113525,5.1E3,Plasma,10-100,22641612
IL6,ENSG00000136244,1.2E3,Plasma,10-100,10488965
IL6,ENSG00000136244,1.2E4,Plasma,10-100,23028695
IL6,ENSG00000136244,4.8E3,Plasma,10-100,22641612
IL6R,ENSG00000160712,2.7E7,Plasma,10-100,22641612
IL7,ENSG00000104432,1.9E5,Plasma,10-100,27611669
IL7,ENSG00000104432,5.5E4,Plasma,10-100,22641612
IL9,ENSG00000145839,5.6E3,Plasma,10-100,27662073
INS,ENSG00000254647,2.8E5,Plasma,10-100,28391069
INS,ENSG00000254647,8.0E5,Plasma,10-100,11118012
INS,ENSG00000254647,2.4E5,Plasma,10-100,23873118
INSL3,ENSG00000248099,6.9E5,Plasma,10-100,24640568
ITLN1,ENSG00000179914,3.7E8,Plasma,10-100,17329619
KL,ENSG00000133116,6.3E5,Plasma,100+,29768278
KL,ENSG00000133116,3.8E5,Plasma,10-100,29948618
KL,ENSG00000133116,5.2E5,Plasma,10-100,30170389
KLKB1,ENSG00000164344,2.9E10,Plasma,10-100,21376147
KNG1,ENSG00000113889,9.0E10,Plasma,100+,3971563
LBP,ENSG00000129988,2.2E10,Plasma,10-100,22960476
LCAT,ENSG00000213398,5.0E9,Plasma,10-100,25039266
LCAT,ENSG00000213398,7.9E9,Plasma,10-100,30059844
LECT2,ENSG00000145826,2.3E7,Plasma,10-100,29642178
LEP,ENSG00000174697,1.7E7,Plasma,10-100,22641612
LGALS1,ENSG00000100097,3.1E6,Plasma,100+,32812932
LIPG,ENSG00000101670,4.4E8,Plasma,100+,16354105
LIPG,ENSG00000101670,8.7E8,Plasma,10-100,16772345
LPA,ENSG00000198670,7.9E10,Plasma,100+,28476116
LRG1,ENSG00000171236,1.7E10,Plasma,10-100,27378305
LTA,ENSG00000226979,2.8E3,Plasma,1-9,22641612
LYZ,ENSG00000090382,2.1E9,Plasma,10-100,20167661
MASP1,ENSG00000127241,9.7E9,Plasma,10-100,25533914
MASP1,ENSG00000127241,6.9E9,Plasma,10-100,25877499
MASP1,ENSG00000127241,9.4E9,Plasma,10-100,28318015
MASP2,ENSG00000009724,4.9E8,Plasma,10-100,23607747
MASP2,ENSG00000009724,2.9E8,Plasma,10-100,25533914
MASP2,ENSG00000009724,2.4E8,Plasma,10-100,25877499
MBL2,ENSG00000165471,2.3E9,Plasma,100+,27557564
MBL2,ENSG00000165471,5.0E8,Plasma,100+,27982280
MDK,ENSG00000110492,1.6E5,Plasma,100+,27089523
MDK,ENSG00000110492,1.9E5,Plasma,10-100,28243398
MET,ENSG00000105976,2.6E8,Plasma,10-100,19766985
MET,ENSG00000105976,9.8E7,Plasma,10-100,27300295
METRNL,ENSG00000176845,1.1E6,Plasma,100+,29199003
MFGE8,ENSG00000140545,7.6E6,Plasma,10-100,26375445
MFGE8,ENSG00000140545,1.0E5,Plasma,10-100,28035763
MIF,ENSG00000240972,2.2E7,Plasma,10-100,20934703
MIF,ENSG00000240972,5.7E6,Plasma,10-100,28179905
MLN,ENSG00000096395,4.5E5,Plasma,10-100,25393165
MMP9,ENSG00000100985,8.0E7,Plasma,10-100,22641612
MYDGF,ENSG00000074842,2.1E4,Plasma,10-100,24247484
MYDGF,ENSG00000074842,6.5E5,Plasma,10-100,27685606
MYDGF,ENSG00000074842,1.8E5,Plasma,10-100,28620392
NAMPT,ENSG00000105835,5.7E5,Plasma,10-100,25498756
NPPB,ENSG00000120937,6.2E3,Plasma,100+,14960742
NPPB,ENSG00000120937,1.0E4,Plasma,100+,14960742
NPPB,ENSG00000120937,9.3E3,Plasma,100+,9832489
NPPC,ENSG00000163273,2.7E3,Plasma,10-100,15922659
NPPC,ENSG00000163273,2.5E3,Plasma,10-100,17428580
NPPC,ENSG00000163273,1.3E4,Plasma,10-100,27376982
NPTX2,ENSG00000106236,2.5E6,Plasma,10-100,29025866
NPY,ENSG00000122585,4.5E4,Plasma,10-100,10559701
NPY,ENSG00000122585,2.6E7,Plasma,10-100,26353170
NPY,ENSG00000122585,2.5E7,Plasma,10-100,26353170
NUCB2,ENSG00000070081,2.1E6,Plasma,10-100,21163317
NUCB2,ENSG00000070081,3.6E5,Plasma,10-100,28273586
ORM1,ENSG00000229314,6.1E11,Plasma,10-100,16038022
ORM2,ENSG00000228278,2.3E8,Plasma,10-100,22363757
ORM2,ENSG00000228278,2.0E8,Plasma,10-100,22363757
ORM2,ENSG00000228278,9.5E7,Plasma,10-100,25361921
ORM2,ENSG00000228278,1.2E9,Plasma,10-100,27814272
PCSK9,ENSG00000169174,1.4E8,Plasma,10-100,23261172
PDGFB,ENSG00000100311,1.9E5,Plasma,10-100,16505440
PDGFB,ENSG00000100311,2.6E5,Plasma,10-100,24334449
PDGFB,ENSG00000100311,5.2E5,Plasma,10-100,8789659
PDGFB,ENSG00000100311,2.7E6,Plasma,10-100,22641612
PF4,ENSG00000163737,7.7E6,Plasma,10-100,6222505
PGF,ENSG00000119630,1.5E4,Plasma,10-100,16630991
PGF,ENSG00000119630,3.6E3,Plasma,10-100,17593833
PGF,ENSG00000119630,1.8E4,Plasma,100+,26930634
PGF,ENSG00000119630,2.6E4,Plasma,10-100,22641612
PLA2G2A,ENSG00000188257,1.0E6,Plasma,1-9,22151235
PLA2G7,ENSG00000146070,7.4E6,Plasma,100+,25879827
PLAT,ENSG00000104368,8.4E6,Plasma,10-100,17942832
PLAT,ENSG00000104368,1.1E7,Plasma,10-100,2116315
PLAT,ENSG00000104368,1.0E7,Plasma,100+,7794308
PLAU,ENSG00000122861,3.7E5,Plasma,10-100,17102952
PLAU,ENSG00000122861,7.8E5,Plasma,10-100,21878172
PLAU,ENSG00000122861,7.9E5,Plasma,10-100,7874270
PLTP,ENSG00000100979,1.6E10,Plasma,100+,10924722
PLTP,ENSG00000100979,1.2E10,Plasma,100+,10973866
PLTP,ENSG00000100979,1.6E9,Plasma,10-100,19162221
PNOC,ENSG00000168081,1.1E4,Plasma,10-100,12352616
PNOC,ENSG00000168081,1.4E4,Plasma,10-100,19671295
POMC,ENSG00000115138,3.8E5,Plasma,10-100,22641612
PON1,ENSG00000005421,1.5E11,Plasma,10-100,27668323
PPY,ENSG00000108849,3.2E4,Plasma,10-100,15980753
PPY,ENSG00000108849,1.1E5,Plasma,10-100,21574763
PPY,ENSG00000108849,5.0E4,Plasma,10-100,29921786
PPY,ENSG00000108849,8.7E4,Plasma,10-100,22641612
PRL,ENSG00000172179,1.0E7,Plasma,100+,30097769
PRL,ENSG00000172179,1.6E7,Plasma,100+,30097769
PRL,ENSG00000172179,2.6E8,Plasma,10-100,30147996
PRL,ENSG00000172179,1.4E7,Plasma,10-100,22641612
PROS1,ENSG00000184500,2.3E10,Plasma,10-100,22641612
PROZ,ENSG00000126231,1.7E9,Plasma,100+,14652653
PROZ,ENSG00000126231,1.4E9,Plasma,10-100,19554219
PROZ,ENSG00000126231,2.0E9,Plasma,10-100,27770663
PYY,ENSG00000131096,8.2E4,Plasma,10-100,22459207
PYY,ENSG00000131096,1.2E5,Plasma,10-100,22641612
RBP4,ENSG00000138207,1.8E10,Plasma,10-100,17065684
RETN,ENSG00000104918,6.7E6,Plasma,10-100,16330895
RETN,ENSG00000104918,3.4E6,Plasma,10-100,22641612
RETNLB,ENSG00000163515,1.2E5,Plasma,10-100,21094111
RLN2,ENSG00000107014,4.6E4,Plasma,10-100,23994775
RLN3,ENSG00000171136,6.9E4,Plasma,10-100,23994775
RNASE3,ENSG00000169397,3.5E6,Plasma,10-100,16951266
S100A12,ENSG00000163221,8.1E6,Plasma,10-100,15531492
S100A12,ENSG00000163221,1.1E7,Plasma,10-100,18663285
S100A12,ENSG00000163221,8.0E5,Plasma,10-100,22641612
SAA1,ENSG00000173432,3.0E8,Plasma,10-100,25531567
SAA2,ENSG00000134339,5.0E7,Plasma,10-100,26177823
SAA4,ENSG00000148965,5.5E10,Plasma,10-100,7775864
SCT,ENSG00000070031,4.4E3,Plasma,10-100,31087
SCT,ENSG00000070031,1.1E6,Plasma,1-9,22641612
SCUBE1,ENSG00000159307,8.6E6,Plasma,10-100,28379666
SELENOP,ENSG00000250722,4.4E9,Plasma,100+,30084959
SERPINA1,ENSG00000197249,3.1E12,Plasma,10-100,22641612
SERPINA1,ENSG00000197249,1.2E12,Plasma,100+,31046673
SERPINA10,ENSG00000140093,4.4E9,Plasma,10-100,25783867
SERPINA10,ENSG00000140093,3.5E9,Plasma,10-100,26432651
SERPINA3,ENSG00000196136,3.3E11,Plasma,10-100,22641612
SERPINA7,ENSG00000123561,6.6E9,Plasma,10-100,28579773
SERPINA7,ENSG00000123561,5.6E10,Plasma,10-100,22641612
SERPINE1,ENSG00000106366,7.0E7,Plasma,10-100,22641612
SERPINF1,ENSG00000132386,4.3E9,Plasma,10-100,20547683
SERPINF2,ENSG00000167711,1.2E4,Plasma,10-100,27861608
SOD3,ENSG00000109610,1.2E8,Plasma,10-100,14592844
SOD3,ENSG00000109610,1.8E7,Plasma,10-100,27830142
SPARC,ENSG00000113140,8.3E6,Plasma,10-100,11445660
SPP1,ENSG00000118785,5.5E7,Plasma,1-9,17386288
SPP1,ENSG00000118785,4.7E7,Plasma,10-100,9815727
SPP1,ENSG00000118785,1.8E7,Plasma,10-100,22641612
ST6GAL1,ENSG00000073849,1.5E7,Plasma,10-100,19150807
TEK,ENSG00000120156,7.5E6,Plasma,10-100,12814387
TEK,ENSG00000120156,7.5E6,Plasma,10-100,14511360
TEK,ENSG00000120156,8.2E6,Plasma,10-100,14511360
TF,ENSG00000091513,3.1E13,Plasma,10-100,22641612
TFF3,ENSG00000160180,1.7E8,Plasma,10-100,22641612
TFPI,ENSG00000003436,1.5E7,Plasma,10-100,25625112
TFPI,ENSG00000003436,1.5E8,Plasma,10-100,11804978
TFPI,ENSG00000003436,7.8E6,Plasma,100+,33496735
TGFB3,ENSG00000119699,6.2E4,Plasma,10-100,22641612
THPO,ENSG00000090534,2.5E6,Plasma,10-100,22641612
TIMP1,ENSG00000102265,9.4E7,Plasma,100+,11434385
TIMP1,ENSG00000102265,9.5E7,Plasma,10-100,22641612
TNF,ENSG00000232810,1.4E4,Plasma,10-100,16320084
TNFRSF1A,ENSG00000067182,1.8E4,Plasma,1-9,26854079
TNFRSF1B,ENSG00000028137,3.7E6,Plasma,10-100,12351485
TNFRSF1B,ENSG00000028137,2.0E6,Plasma,10-100,15556049
TNFSF11,ENSG00000120659,5.8E3,Plasma,10-100,28879248
TNFSF12,ENSG00000239697,6.0E5,Plasma,10-100,26275704
TNFSF12,ENSG00000239697,3.1E5,Plasma,10-100,28040992
TNFSF12,ENSG00000239697,1.6E6,Plasma,10-100,28783937
TNFSF13,ENSG00000161955,2.0E7,Plasma,10-100,19806256
TNFSF13,ENSG00000161955,3.0E5,Plasma,10-100,23919740
TNFSF13B,ENSG00000102524,2.4E3,Plasma,10-100,28260100
TNFSF13B,ENSG00000102524,2.1E5,Plasma,10-100,28849060
TNFSF14,ENSG00000125735,5.5E4,Plasma,10-100,29952668
UCN,ENSG00000163794,1.3E5,Plasma,10-100,15956084
UTS2,ENSG00000049247,1.8E5,Plasma,100+,25604143
UTS2,ENSG00000049247,9.7E2,Plasma,100+,27090416
VCAM1,ENSG00000162692,6.0E8,Plasma,10-100,22641612
VEGFA,ENSG00000112715,9.3E4,Plasma,10-100,29277778
VEGFA,ENSG00000112715,5.6E5,Plasma,10-100,22641612
VEGFB,ENSG00000173511,2.3E5,Plasma,10-100,22464775
VEGFB,ENSG00000173511,1.4E5,Plasma,10-100,28523459
VEGFC,ENSG00000150630,8.2E5,Plasma,10-100,23679318
VEGFC,ENSG00000150630,1.2E5,Plasma,1-9,26059032
VEGFC,ENSG00000150630,2.0E5,Plasma,10-100,26873113
VTN,ENSG00000109072,3.2E11,Plasma,10-100,24015209
VTN,ENSG00000109072,9.3E11,Plasma,10-100,22641612
VWF,ENSG00000110799,3.5E8,Plasma,10-100,30158745
VWF,ENSG00000110799,4.6E10,Plasma,10-100,22641612
