gene,ENSG ID,conc [pg/L],sample type,number_of_samples,pubmed id
A1BG,ENSG00000121410,2.00E+11,Plasma,10-100,25276097
A2M,ENSG00000175899,9.50E+11,Plasma,10-100,22641612
ACE,ENSG00000159640,9.40E+07,Plasma,10-100,22641612
ACP3,ENSG00000014257,1.90E+05,Plasma,10-100,22641612
ADIPOQ,ENSG00000181092,5.00E+09,Plasma,10-100,22641612
ADM,ENSG00000148926,3.90E+04,Plasma,10-100,25433141
ADM2,ENSG00000128165,1.20E+05,Plasma,10-100,25495100
AFP,ENSG00000081051,2.00E+06,Plasma,10-100,22641612
AGGF1,ENSG00000164252,2.70E+05,Plasma,10-100,38529068
AGT,ENSG00000135744,7.90E+06,Plasma,10-100,22641612
AHSG,ENSG00000145192,1.30E+12,Plasma,10-100,22641612
ALB,ENSG00000163631,4.00E+13,Plasma,01-Sep,16038022
ANGPT2,ENSG00000091879,3.80E+06,Plasma,10-100,22641612
ANXA2,ENSG00000182718,7.80E+03,Plasma,10-100,38088940
APOA1,ENSG00000118137,1.40E+12,Plasma,N/A,16038022
APOA2,ENSG00000158874,3.00E+11,Plasma,N/A,16038022
APOA4,ENSG00000110244,1.50E+10,Plasma,10-100,22641612
APOA5,ENSG00000110243,1.10E+08,Plasma,100+,16917759
APOB,ENSG00000084674,7.20E+11,Plasma,01-Sep,16038022
APOC1,ENSG00000130208,6.00E+10,Plasma,10-100,7471419
APOC2,ENSG00000234906,4.30E+10,Plasma,10-100,7471419
APOC3,ENSG00000110245,1.30E+11,Plasma,10-100,22641612
APOC4,ENSG00000267467,1.00E+09,Plasma,10-100,12700345
APOD,ENSG00000189058,1.50E+11,Plasma,10-100,22641612
APOE,ENSG00000130203,7.00E+10,Plasma,10-100,22641612
APOF,ENSG00000175336,1.80E+10,Plasma,01-Sep,6816269
APOH,ENSG00000091583,2.80E+11,Plasma,10-100,22641612
APOL1,ENSG00000100342,3.20E+09,Plasma,10-100,24231663
APOM,ENSG00000204444,8.60E+06,Plasma,100+,23660425
APOO,ENSG00000184831,2.20E+09,Plasma,100+,22693255
AZGP1,ENSG00000160862,5.10E+10,Plasma,10-100,25708842
B2M,ENSG00000166710,1.60E+09,Plasma,10-100,22641612
BDNF,ENSG00000176697,2.40E+06,Plasma,10-100,22641612
BGLAP,ENSG00000242252,1.60E+07,Plasma,10-100,18854347
BMP10,ENSG00000163217,8.10E+03,Plasma,10-100,33606840
BMP2,ENSG00000125845,1.70E+04,Plasma,10-100,26003174
BMP6,ENSG00000153162,1.40E+07,Plasma,10-100,22641612
BPI,ENSG00000101425,4.60E+06,Plasma,10-100,19765220
BTC,ENSG00000174808,3.20E+05,Plasma,10-100,22641612
C1QC,ENSG00000159189,5.10E+08,Plasma,10-100,24647646
C1QTNF1,ENSG00000173918,3.10E+08,Plasma,10-100,24945145
C1QTNF3,ENSG00000082196,4.40E+07,Plasma,10-100,28754090
C1QTNF5,ENSG00000223953,1.60E+08,Plasma,10-100,26613006
C1S,ENSG00000182326,9.30E+10,Plasma,01-Sep,9574573
C3,ENSG00000125730,9.20E+11,Plasma,100+,16363249
C4A,ENSG00000244731,3.40E+08,Plasma,10-100,16293803
C4B,ENSG00000224389,2.90E+11,Plasma,10-100,7665439
C4BPB,ENSG00000123843,2.60E+11,Plasma,100+,19563958
C5,ENSG00000106804,2.60E+10,Plasma,100+,29110694
C9,ENSG00000113600,5.80E+10,Plasma,10-100,3871890
CALCA,ENSG00000110680,1.90E+05,Plasma,N/A,16038022
CAMP,ENSG00000164047,1.20E+09,Plasma,10-100,9328568
CCK,ENSG00000187094,4.40E+07,Plasma,10-100,31541684
CCL1,ENSG00000108702,2.70E+05,Plasma,10-100,22641612
CCL11,ENSG00000172156,5.20E+04,Plasma,100+,17845580
CCL13,ENSG00000181374,3.80E+05,Plasma,10-100,22641612
CCL16,ENSG00000275152,5.40E+06,Plasma,10-100,22641612
CCL17,ENSG00000102970,2.40E+04,Plasma,10-100,14677179
CCL18,ENSG00000275385,2.30E+07,Plasma,10-100,14578205
CCL2,ENSG00000108691,1.80E+05,Plasma,10-100,22641612
CCL20,ENSG00000115009,8.30E+04,Plasma,10-100,22641612
CCL21,ENSG00000137077,2.90E+04,Plasma,10-100,30214382
CCL22,ENSG00000102962,3.80E+05,Plasma,10-100,22641612
CCL23,ENSG00000274736,1.50E+06,Plasma,10-100,22641612
CCL24,ENSG00000106178,2.00E+05,Plasma,100+,15744457
CCL25,ENSG00000131142,2.30E+08,Plasma,10-100,22641612
CCL26,ENSG00000006606,3.30E+05,Plasma,10-100,22641612
CCL27,ENSG00000213927,3.60E+05,Plasma,100+,29295705
CCL3,ENSG00000277632,1.50E+05,Plasma,10-100,22641612
CCL4,ENSG00000275302,1.10E+05,Plasma,10-100,22641612
CCL5,ENSG00000271503,1.60E+07,Plasma,10-100,22641612
CCL7,ENSG00000108688,2.10E+04,Plasma,10-100,22641612
CCL8,ENSG00000108700,3.50E+04,Plasma,10-100,22641612
CCN3,ENSG00000136999,6.10E+06,Plasma,100+,23785511
CD14,ENSG00000170458,2.30E+09,Plasma,100+,21252259
CD163,ENSG00000177575,3.00E+07,Plasma,10-100,18632918
CD40,ENSG00000101017,6.20E+05,Plasma,10-100,22641612
CD40LG,ENSG00000102245,7.90E+04,Plasma,10-100,15708899
CD44,ENSG00000026508,2.60E+08,Plasma,10-100,10471052
CD5L,ENSG00000073754,3.10E+09,Plasma,10-100,22641612
CFB,ENSG00000243649,8.80E+08,Plasma,10-100,25780008
CFD,ENSG00000197766,1.30E+09,Plasma,01-Sep,27179311
CFH,ENSG00000000971,2.90E+11,Plasma,10-100,29798743
CFHR1,ENSG00000244414,7.50E+10,Plasma,10-100,30975435
CFHR2,ENSG00000080910,4.00E+10,Plasma,10-100,30975435
CFHR3,ENSG00000116785,6.10E+08,Plasma,10-100,29740447
CFHR4,ENSG00000134365,5.00E+10,Plasma,10-100,30975435
CFI,ENSG00000205403,1.90E+10,Plasma,100+,22969267
CHI3L1,ENSG00000133048,3.30E+07,Plasma,10-100,28588347
CLEC18A,ENSG00000157322,3.10E+06,Plasma,10-100,34779387
CLEC3B,ENSG00000163815,4.50E+09,Plasma,100+,30006491
CLU,ENSG00000120885,2.70E+11,Plasma,10-100,22641612
COLEC11,ENSG00000118004,3.40E+08,Plasma,100+,21893516
CP,ENSG00000047457,1.60E+11,Plasma,10-100,21401300
CPA3,ENSG00000163751,3.70E+04,Plasma,10-100,29479356
CRH,ENSG00000147571,1.00E+04,Plasma,01-Sep,20807418
CRHBP,ENSG00000145708,7.20E+08,Plasma,N/A,7852886
CRP,ENSG00000132693,1.70E+09,Plasma,100+,19289618
CSF1,ENSG00000184371,4.00E+04,Plasma,10-100,22641612
CSF2,ENSG00000164400,5.50E+03,Plasma,10-100,10764326
CSF3,ENSG00000108342,5.70E+03,Plasma,10-100,22641612
CST3,ENSG00000101439,1.00E+09,Plasma,10-100,22641612
CTF1,ENSG00000150281,1.20E+04,Plasma,10-100,23783568
CX3CL1,ENSG00000006210,2.50E+05,Plasma,10-100,22260220
CXCL1,ENSG00000163739,1.10E+06,Plasma,10-100,22641612
CXCL10,ENSG00000169245,4.40E+05,Plasma,10-100,22641612
CXCL11,ENSG00000169248,5.00E+05,Plasma,10-100,23028695
CXCL12,ENSG00000107562,3.30E+04,Plasma,10-100,28446981
CXCL13,ENSG00000156234,6.10E+04,Plasma,10-100,22641612
CXCL14,ENSG00000145824,8.00E+05,Plasma,10-100,28250200
CXCL16,ENSG00000161921,5.00E+05,Plasma,10-100,28293269
CXCL3,ENSG00000163734,2.90E+04,Plasma,10-100,25485631
CXCL5,ENSG00000163735,1.80E+06,Plasma,10-100,22641612
CXCL6,ENSG00000124875,2.40E+05,Plasma,10-100,28446981
CXCL8,ENSG00000169429,7.30E+03,Plasma,10-100,22641612
CXCL9,ENSG00000138755,2.10E+06,Plasma,10-100,22641612
DPP4,ENSG00000197635,7.00E+08,Plasma,10-100,29587190
EDN1,ENSG00000078401,2.70E+04,Plasma,10-100,22641612
EDN3,ENSG00000124205,5.60E+04,Plasma,10-100,9595519
EGFR,ENSG00000146648,4.50E+06,Plasma,10-100,22641612
ELANE,ENSG00000197561,7.00E+07,Plasma,100+,31046673
EPO,ENSG00000130427,1.70E+04,Plasma,10-100,22641612
EREG,ENSG00000124882,4.10E+04,Plasma,10-100,22641612
ERFE,ENSG00000178752,2.80E+05,Plasma,100+,26496240
ESM1,ENSG00000164283,9.10E+05,Plasma,10-100,24108208
F12,ENSG00000131187,1.00E+06,Plasma,10-100,12215862
F2,ENSG00000180210,1.10E+11,Plasma,100+,10974339
F3,ENSG00000117525,7.70E+05,Plasma,01-Sep,22641612
F5,ENSG00000198734,7.00E+09,Plasma,10-100,7082847
F7,ENSG00000057593,3.60E+06,Plasma,100+,8427965
FAM3B,ENSG00000183844,4.00E+06,Plasma,100+,27181109
FAP,ENSG00000078098,1.10E+08,Plasma,100+,23932048
FAS,ENSG00000026103,1.20E+07,Plasma,10-100,22641612
FASLG,ENSG00000117560,1.00E+05,Plasma,10-100,19176318
FBN1,ENSG00000166147,5.10E+07,Plasma,10-100,31884007
FCN1,ENSG00000085265,3.00E+08,Plasma,10-100,25069872
FCN2,ENSG00000160339,1.20E+10,Plasma,100+,20937340
FCN3,ENSG00000142748,1.70E+10,Plasma,10-100,25069872
FGG,ENSG00000171557,2.50E+11,Plasma,100+,17263791
FGL1,ENSG00000104760,1.00E+08,Plasma,10-100,30580966
FGL2,ENSG00000127951,3.60E+07,Plasma,10-100,20615566
FLT4,ENSG00000037280,2.00E+07,Plasma,100+,22819208
FN1,ENSG00000115414,2.30E+11,Plasma,10-100,34768846
FST,ENSG00000134363,1.30E+06,Plasma,10-100,21350111
GAL,ENSG00000069482,1.90E+04,Plasma,10-100,24503374
GAS6,ENSG00000183087,9.90E+06,Plasma,100+,28150505
GCG,ENSG00000115263,2.30E+05,Plasma,10-100,22641612
GDF11,ENSG00000135414,5.20E+04,Plasma,10-100,30165829
GDF15,ENSG00000130513,1.40E+06,Plasma,100+,21536998
GDF2,ENSG00000263761,3.10E+05,Plasma,10-100,23271691
GH1,ENSG00000259384,3.30E+06,Plasma,10-100,22641612
GHRL,ENSG00000157017,7.40E+06,Plasma,10-100,27693487
GIP,ENSG00000159224,3.90E+04,Plasma,10-100,26895276
GNLY,ENSG00000115523,2.60E+06,Plasma,100+,17382591
GPLD1,ENSG00000112293,1.60E+11,Plasma,100+,27351175
GPX3,ENSG00000211445,2.20E+09,Plasma,10-100,18936159
GREM1,ENSG00000166923,3.50E+08,Plasma,10-100,25116393
GSN,ENSG00000148180,8.10E+10,Plasma,10-100,16495706
GUCA2B,ENSG00000044012,8.20E+04,Plasma,10-100,27108812
HABP2,ENSG00000148702,1.20E+10,Plasma,100+,22409238
HAMP,ENSG00000105697,1.90E+06,Plasma,100+,26252205
HBEGF,ENSG00000113070,1.60E+04,Plasma,10-100,9618289
HGF,ENSG00000019991,3.90E+06,Plasma,10-100,22641612
HGFAC,ENSG00000109758,4.90E+06,Plasma,10-100,16445520
HLA-G,ENSG00000204632,2.70E+07,Plasma,10-100,11169254
HP,ENSG00000257017,1.90E+08,Plasma,10-100,21296538
HPX,ENSG00000110169,7.50E+11,Plasma,01-Sep,16038022
HRG,ENSG00000113905,1.30E+11,Plasma,01-Sep,3958188
HTRA1,ENSG00000166033,1.20E+06,Plasma,10-100,23083999
IAPP,ENSG00000121351,1.20E+04,Plasma,10-100,2055340
IFNA2,ENSG00000188379,4.40E+05,Plasma,10-100,19403065
IGF1,ENSG00000017427,1.70E+08,Plasma,100+,10794477
IGF2,ENSG00000167244,5.30E+08,Plasma,100+,11597555
IGFALS,ENSG00000099769,1.60E+10,Plasma,100+,20142246
IGFBP2,ENSG00000115457,6.60E+07,Plasma,10-100,22641612
IGFBP3,ENSG00000146674,3.10E+09,Plasma,10-100,10203281
IGFBP4,ENSG00000141753,1.90E+08,Plasma,100+,11380497
IGFBP6,ENSG00000167779,1.40E+08,Plasma,100+,10468926
IL10,ENSG00000136634,6.60E+03,Plasma,10-100,22641612
IL11,ENSG00000095752,1.20E+04,Plasma,10-100,21986128
IL12B,ENSG00000113302,5.00E+04,Plasma,10-100,9325021
IL13,ENSG00000169194,9.80E+04,Plasma,10-100,21228779
IL15,ENSG00000164136,4.20E+05,Plasma,10-100,22641612
IL16,ENSG00000172349,3.00E+05,Plasma,10-100,22641612
IL17A,ENSG00000112115,2.00E+02,Plasma,10-100,28450958
IL18,ENSG00000150782,2.60E+05,Plasma,10-100,22641612
IL18BP,ENSG00000137496,9.20E+05,Plasma,10-100,19077159
IL19,ENSG00000142224,2.50E+05,Plasma,10-100,15557163
IL1A,ENSG00000115008,1.00E+04,Plasma,10-100,22641612
IL1B,ENSG00000125538,1.10E+03,Plasma,10-100,22641612
IL1R2,ENSG00000115590,1.00E+07,Plasma,01-Sep,22606320
IL1RL1,ENSG00000115602,2.20E+07,Plasma,10-100,27766733
IL1RN,ENSG00000136689,6.80E+05,Plasma,100+,9710237
IL2,ENSG00000109471,2.40E+03,Plasma,10-100,10488965
IL20,ENSG00000162891,2.00E+05,Plasma,10-100,26968800
IL22,ENSG00000127318,2.50E+05,Plasma,100+,28170163
IL24,ENSG00000162892,1.00E+05,Plasma,10-100,26968800
IL25,ENSG00000166090,3.00E+03,Plasma,01-Sep,22641612
IL27,ENSG00000197272,1.00E+06,Plasma,100+,24975574
IL3,ENSG00000164399,2.00E+02,Plasma,10-100,9476461
IL31,ENSG00000204671,1.90E+04,Plasma,10-100,29259273
IL32,ENSG00000008517,9.40E+04,Plasma,100+,27069296
IL37,ENSG00000125571,1.20E+05,Plasma,10-100,24733959
IL4,ENSG00000113520,1.80E+04,Plasma,10-100,22641612
IL5,ENSG00000113525,5.10E+03,Plasma,10-100,22641612
IL6,ENSG00000136244,1.20E+03,Plasma,10-100,10488965
IL6R,ENSG00000160712,2.70E+07,Plasma,10-100,22641612
IL7,ENSG00000104432,5.50E+04,Plasma,10-100,22641612
IL9,ENSG00000145839,5.60E+03,Plasma,10-100,27662073
INS,ENSG00000254647,8.00E+05,Plasma,10-100,11118012
INSL3,ENSG00000248099,6.90E+05,Plasma,10-100,24640568
ITLN1,ENSG00000179914,3.70E+08,Plasma,10-100,17329619
KL,ENSG00000133116,6.30E+05,Plasma,100+,29768278
KLKB1,ENSG00000164344,2.90E+10,Plasma,10-100,21376147
KNG1,ENSG00000113889,9.00E+10,Plasma,100+,3971563
LBP,ENSG00000129988,2.20E+10,Plasma,10-100,22960476
LCAT,ENSG00000213398,5.00E+09,Plasma,10-100,25039266
LECT2,ENSG00000145826,2.30E+07,Plasma,10-100,29642178
LEP,ENSG00000174697,1.70E+07,Plasma,10-100,22641612
LGALS1,ENSG00000100097,3.10E+06,Plasma,100+,32812932
LIPG,ENSG00000101670,4.40E+08,Plasma,100+,16354105
LPA,ENSG00000198670,7.90E+10,Plasma,100+,28476116
LRG1,ENSG00000171236,1.70E+10,Plasma,10-100,27378305
LTA,ENSG00000226979,2.80E+03,Plasma,01-Sep,22641612
LYZ,ENSG00000090382,2.10E+09,Plasma,10-100,20167661
MASP1,ENSG00000127241,9.70E+09,Plasma,10-100,25533914
MASP2,ENSG00000009724,4.90E+08,Plasma,10-100,23607747
MBL2,ENSG00000165471,2.30E+09,Plasma,100+,27557564
MDK,ENSG00000110492,1.60E+05,Plasma,100+,27089523
MET,ENSG00000105976,2.60E+08,Plasma,10-100,19766985
METRNL,ENSG00000176845,1.10E+06,Plasma,100+,29199003
MFGE8,ENSG00000140545,7.60E+06,Plasma,10-100,26375445
MIF,ENSG00000240972,2.20E+07,Plasma,10-100,20934703
MLN,ENSG00000096395,4.50E+05,Plasma,10-100,25393165
MMP9,ENSG00000100985,8.00E+07,Plasma,10-100,22641612
MYDGF,ENSG00000074842,2.10E+04,Plasma,10-100,24247484
NAMPT,ENSG00000105835,5.70E+05,Plasma,10-100,25498756
NPPB,ENSG00000120937,9.30E+03,Plasma,100+,9832489
NPPC,ENSG00000163273,2.70E+03,Plasma,10-100,15922659
NPTX2,ENSG00000106236,2.50E+06,Plasma,10-100,29025866
NPY,ENSG00000122585,4.50E+04,Plasma,10-100,10559701
NUCB2,ENSG00000070081,2.10E+06,Plasma,10-100,21163317
ORM1,ENSG00000229314,6.10E+11,Plasma,10-100,16038022
ORM2,ENSG00000228278,2.00E+08,Plasma,10-100,22363757
PCSK9,ENSG00000169174,1.40E+08,Plasma,10-100,23261172
PDGFB,ENSG00000100311,5.20E+05,Plasma,10-100,8789659
PF4,ENSG00000163737,7.70E+06,Plasma,10-100,6222505
PGF,ENSG00000119630,1.50E+04,Plasma,10-100,16630991
PLA2G2A,ENSG00000188257,1.00E+06,Plasma,01-Sep,22151235
PLA2G7,ENSG00000146070,7.40E+06,Plasma,100+,25879827
PLAT,ENSG00000104368,1.10E+07,Plasma,10-100,2116315
PLAU,ENSG00000122861,7.90E+05,Plasma,10-100,7874270
PLTP,ENSG00000100979,1.60E+10,Plasma,100+,10924722
PNOC,ENSG00000168081,1.10E+04,Plasma,10-100,12352616
POMC,ENSG00000115138,3.80E+05,Plasma,10-100,22641612
PON1,ENSG00000005421,1.50E+11,Plasma,10-100,27668323
PPY,ENSG00000108849,3.20E+04,Plasma,10-100,15980753
PRL,ENSG00000172179,1.40E+07,Plasma,10-100,22641612
PROS1,ENSG00000184500,2.30E+10,Plasma,10-100,22641612
PROZ,ENSG00000126231,1.70E+09,Plasma,100+,14652653
PYY,ENSG00000131096,8.20E+04,Plasma,10-100,22459207
RBP4,ENSG00000138207,1.80E+10,Plasma,10-100,17065684
RETN,ENSG00000104918,6.70E+06,Plasma,10-100,16330895
RETNLB,ENSG00000163515,1.20E+05,Plasma,10-100,21094111
RLN2,ENSG00000107014,4.60E+04,Plasma,10-100,23994775
RLN3,ENSG00000171136,6.90E+04,Plasma,10-100,23994775
RNASE3,ENSG00000169397,3.50E+06,Plasma,10-100,16951266
S100A12,ENSG00000163221,8.10E+06,Plasma,10-100,15531492
SAA1,ENSG00000173432,3.00E+08,Plasma,10-100,25531567
SAA2,ENSG00000134339,5.00E+07,Plasma,10-100,26177823
SAA4,ENSG00000148965,5.50E+10,Plasma,10-100,7775864
SCT,ENSG00000070031,4.40E+03,Plasma,10-100,31087
SCUBE1,ENSG00000159307,8.60E+06,Plasma,10-100,28379666
SELENOP,ENSG00000250722,4.40E+09,Plasma,100+,30084959
SERPINA1,ENSG00000197249,3.10E+12,Plasma,10-100,22641612
SERPINA10,ENSG00000140093,4.40E+09,Plasma,10-100,25783867
SERPINA3,ENSG00000196136,3.30E+11,Plasma,10-100,22641612
SERPINA7,ENSG00000123561,5.60E+10,Plasma,10-100,22641612
SERPINE1,ENSG00000106366,7.00E+07,Plasma,10-100,22641612
SERPINF1,ENSG00000132386,4.30E+09,Plasma,10-100,20547683
SERPINF2,ENSG00000167711,1.20E+04,Plasma,10-100,27861608
SOD3,ENSG00000109610,1.20E+08,Plasma,10-100,14592844
SPARC,ENSG00000113140,8.30E+06,Plasma,10-100,11445660
SPP1,ENSG00000118785,4.70E+07,Plasma,10-100,9815727
ST6GAL1,ENSG00000073849,1.50E+07,Plasma,10-100,19150807
TEK,ENSG00000120156,7.50E+06,Plasma,10-100,12814387
TF,ENSG00000091513,3.10E+13,Plasma,10-100,22641612
TFF3,ENSG00000160180,1.70E+08,Plasma,10-100,22641612
TFPI,ENSG00000003436,1.50E+08,Plasma,10-100,11804978
TGFB3,ENSG00000119699,6.20E+04,Plasma,10-100,22641612
THPO,ENSG00000090534,2.50E+06,Plasma,10-100,22641612
TIMP1,ENSG00000102265,9.40E+07,Plasma,100+,11434385
TNF,ENSG00000232810,1.40E+04,Plasma,10-100,16320084
TNFRSF1A,ENSG00000067182,1.80E+04,Plasma,01-Sep,26854079
TNFRSF1B,ENSG00000028137,3.70E+06,Plasma,10-100,12351485
TNFSF11,ENSG00000120659,5.80E+03,Plasma,10-100,28879248
TNFSF12,ENSG00000239697,6.00E+05,Plasma,10-100,26275704
TNFSF13,ENSG00000161955,2.00E+07,Plasma,10-100,19806256
TNFSF13B,ENSG00000102524,2.40E+03,Plasma,10-100,28260100
TNFSF14,ENSG00000125735,5.50E+04,Plasma,10-100,29952668
UCN,ENSG00000163794,1.30E+05,Plasma,10-100,15956084
UTS2,ENSG00000049247,1.80E+05,Plasma,100+,25604143
VCAM1,ENSG00000162692,6.00E+08,Plasma,10-100,22641612
VEGFA,ENSG00000112715,5.60E+05,Plasma,10-100,22641612
VEGFB,ENSG00000173511,2.30E+05,Plasma,10-100,22464775
VEGFC,ENSG00000150630,8.20E+05,Plasma,10-100,23679318
VTN,ENSG00000109072,9.30E+11,Plasma,10-100,22641612
VWF,ENSG00000110799,4.60E+10,Plasma,10-100,22641612
