string_external_id,abundance
9606.ENSP00000468236,109720
9606.ENSP00000295897,100346
9606.ENSP00000227667,59665
9606.ENSP00000465356,57511
9606.ENSP00000236850,38158
9606.ENSP00000278222,34749
9606.ENSP00000485552,21741
9606.ENSP00000252486,21313
9606.ENSP00000360522,19938
9606.ENSP00000356969,18938
9606.ENSP00000356671,16721
9606.ENSP00000246662,14438
9606.ENSP00000466775,13742
9606.ENSP00000252244,13437
9606.ENSP00000348170,13165
9606.ENSP00000345179,12062
9606.ENSP00000416066,11796
9606.ENSP00000237014,11314
9606.ENSP00000265983,10751
9606.ENSP00000259396,10713
9606.ENSP00000431254,10516
9606.ENSP00000362924,10102
9606.ENSP00000255040,9857
9606.ENSP00000226218,9659
9606.ENSP00000264613,9643
9606.ENSP00000292401,9135
9606.ENSP00000273784,9062
9606.ENSP00000306099,8676
9606.ENSP00000350425,8232
9606.ENSP00000205948,7207
9606.ENSP00000385834,7023
9606.ENSP00000488437,6837
9606.ENSP00000245907,6681
9606.ENSP00000315130,6527
9606.ENSP00000308541,6139
9606.ENSP00000269576,5893
9606.ENSP00000421725,5559
9606.ENSP00000308720,5472
9606.ENSP00000450540,5217
9606.ENSP00000452347,5018
9606.ENSP00000323929,4873
9606.ENSP00000440066,4858
9606.ENSP00000394936,4840
9606.ENSP00000321853,4735
9606.ENSP00000254722,4597
9606.ENSP00000498441,4551
9606.ENSP00000336829,4504
9606.ENSP00000370010,4414
9606.ENSP00000215727,4412
9606.ENSP00000302621,4296
9606.ENSP00000355627,4066
9606.ENSP00000263408,3942
9606.ENSP00000263100,3886
9606.ENSP00000296130,3767
9606.ENSP00000292609,3740
9606.ENSP00000356399,3611
9606.ENSP00000265132,3602
9606.ENSP00000384906,3537
9606.ENSP00000266041,3511
9606.ENSP00000357156,3501
9606.ENSP00000493985,3427
9606.ENSP00000361366,3314
9606.ENSP00000346839,2995
9606.ENSP00000416561,2984
9606.ENSP00000329374,2865
9606.ENSP00000313967,2845
9606.ENSP00000441828,2822
9606.ENSP00000308938,2817
9606.ENSP00000222381,2699
9606.ENSP00000266718,2653
9606.ENSP00000278407,2479
9606.ENSP00000362817,2471
9606.ENSP00000232003,2435
9606.ENSP00000356037,2424
9606.ENSP00000273283,2343
9606.ENSP00000494175,2338
9606.ENSP00000410815,2271
9606.ENSP00000322061,2242
9606.ENSP00000351190,2232
9606.ENSP00000310861,2192
9606.ENSP00000342850,2109
9606.ENSP00000251595,1994
9606.ENSP00000322421,1994
9606.ENSP00000356771,1982
9606.ENSP00000396688,1901
9606.ENSP00000415941,1899
9606.ENSP00000270879,1816
9606.ENSP00000226355,1809
9606.ENSP00000416683,1748
9606.ENSP00000319464,1706
9606.ENSP00000365081,1698
9606.ENSP00000299367,1627
9606.ENSP00000373477,1624
9606.ENSP00000385035,1549
9606.ENSP00000233242,1453
9606.ENSP00000317674,1421
9606.ENSP00000436126,1416
9606.ENSP00000451172,1374
9606.ENSP00000217407,1360
9606.ENSP00000223642,1332
9606.ENSP00000314299,1321
9606.ENSP00000406773,1268
9606.ENSP00000359446,1221
9606.ENSP00000331544,1203
9606.ENSP00000444271,1188
9606.ENSP00000363770,1180
9606.ENSP00000385519,1149
9606.ENSP00000364709,1116
9606.ENSP00000363773,1101
9606.ENSP00000430656,1092
9606.ENSP00000296028,1068
9606.ENSP00000266542,1027
9606.ENSP00000356385,968
9606.ENSP00000181383,949
9606.ENSP00000218099,937
9606.ENSP00000480035,920
9606.ENSP00000369816,902
9606.ENSP00000262919,855
9606.ENSP00000475107,842
9606.ENSP00000478725,842
9606.ENSP00000421801,838
9606.ENSP00000452662,814
9606.ENSP00000478893,795
9606.ENSP00000247153,776
9606.ENSP00000468253,761
9606.ENSP00000357727,760
9606.ENSP00000264381,741
9606.ENSP00000358045,738
9606.ENSP00000253496,736
9606.ENSP00000497910,713
9606.ENSP00000261336,706
9606.ENSP00000494708,696
9606.ENSP00000360281,685
9606.ENSP00000263413,674
9606.ENSP00000498227,652
9606.ENSP00000265029,638
9606.ENSP00000354458,637
9606.ENSP00000414287,611
9606.ENSP00000415769,599
9606.ENSP00000478289,579
9606.ENSP00000262776,578
9606.ENSP00000234071,572
9606.ENSP00000264690,570
9606.ENSP00000378131,567
9606.ENSP00000377783,565
9606.ENSP00000264005,560
9606.ENSP00000255030,548
9606.ENSP00000261994,541
9606.ENSP00000360687,537
9606.ENSP00000360697,530
9606.ENSP00000384957,527
9606.ENSP00000493607,518
9606.ENSP00000452747,496
9606.ENSP00000483585,496
9606.ENSP00000370473,478
9606.ENSP00000479032,465
9606.ENSP00000482678,465
9606.ENSP00000356382,435
9606.ENSP00000277903,433
9606.ENSP00000474135,418
9606.ENSP00000381250,407
9606.ENSP00000252252,380
9606.ENSP00000425915,363
9606.ENSP00000252242,355
9606.ENSP00000399679,341
9606.ENSP00000233156,329
9606.ENSP00000167586,323
9606.ENSP00000497550,317
9606.ENSP00000389814,316
9606.ENSP00000391826,311
9606.ENSP00000301653,304
9606.ENSP00000381448,301
9606.ENSP00000481152,294
9606.ENSP00000500193,290
9606.ENSP00000333203,283
9606.ENSP00000356395,276
9606.ENSP00000351682,274
9606.ENSP00000301522,266
9606.ENSP00000243611,259
9606.ENSP00000230036,259
9606.ENSP00000494750,253
9606.ENSP00000256785,249
9606.ENSP00000306864,248
9606.ENSP00000291744,246
9606.ENSP00000458162,234
9606.ENSP00000260118,222
9606.ENSP00000363079,221
9606.ENSP00000321334,197
9606.ENSP00000369317,196
9606.ENSP00000380070,194
9606.ENSP00000479955,183
9606.ENSP00000256509,180
9606.ENSP00000377681,178
9606.ENSP00000261267,175
9606.ENSP00000252250,175
9606.ENSP00000342710,173
9606.ENSP00000356574,171
9606.ENSP00000376776,168
9606.ENSP00000378058,165
9606.ENSP00000347933,165
9606.ENSP00000352458,165
9606.ENSP00000364731,160
9606.ENSP00000244137,158
9606.ENSP00000296029,156
9606.ENSP00000223061,154
9606.ENSP00000296280,153
9606.ENSP00000264832,150
9606.ENSP00000479675,143
9606.ENSP00000356905,139
9606.ENSP00000264036,135
9606.ENSP00000241052,135
9606.ENSP00000376637,129
9606.ENSP00000416330,126
9606.ENSP00000389026,125
9606.ENSP00000357721,123
9606.ENSP00000301656,122
9606.ENSP00000344458,118
9606.ENSP00000381581,118
9606.ENSP00000285379,116
9606.ENSP00000371554,113
9606.ENSP00000286301,109
9606.ENSP00000483567,107
9606.ENSP00000415283,104
9606.ENSP00000233809,102
9606.ENSP00000296435,101
9606.ENSP00000222271,101
9606.ENSP00000308452,99.4
9606.ENSP00000387654,98
9606.ENSP00000362108,97.8
9606.ENSP00000324173,97.5
9606.ENSP00000329380,96.9
9606.ENSP00000226524,92.5
9606.ENSP00000419425,92.1
9606.ENSP00000260356,90.9
9606.ENSP00000357076,90
9606.ENSP00000225655,89.6
9606.ENSP00000231061,89.1
9606.ENSP00000246635,88.2
9606.ENSP00000381057,86.5
9606.ENSP00000268766,84.6
9606.ENSP00000497767,82.2
9606.ENSP00000261405,82
9606.ENSP00000398632,80.2
9606.ENSP00000383690,77.6
9606.ENSP00000388107,74.8
9606.ENSP00000416126,74.4
9606.ENSP00000418009,74.4
9606.ENSP00000497290,72.2
9606.ENSP00000305988,71.7
9606.ENSP00000270142,70.6
9606.ENSP00000433642,69
9606.ENSP00000295666,68.9
9606.ENSP00000414856,67.7
9606.ENSP00000264870,67
9606.ENSP00000294728,64.1
9606.ENSP00000270792,63.2
9606.ENSP00000366525,61.8
9606.ENSP00000480132,61.5
9606.ENSP00000265627,61.2
9606.ENSP00000338082,59.6
9606.ENSP00000252245,59.6
9606.ENSP00000231751,58.8
9606.ENSP00000355645,56
9606.ENSP00000329312,55.5
9606.ENSP00000432660,55.4
9606.ENSP00000233143,54.8
9606.ENSP00000336762,54.7
9606.ENSP00000290378,53.7
9606.ENSP00000383931,53
9606.ENSP00000204679,50.9
9606.ENSP00000407685,50.7
9606.ENSP00000218388,48.8
9606.ENSP00000328358,46.9
9606.ENSP00000305263,46.5
9606.ENSP00000327431,46.4
9606.ENSP00000359629,45.7
9606.ENSP00000498879,44.3
9606.ENSP00000386857,44.3
9606.ENSP00000224784,44.2
9606.ENSP00000369689,43.3
9606.ENSP00000272317,43.2
9606.ENSP00000354280,42
9606.ENSP00000359664,41.6
9606.ENSP00000301464,40.5
9606.ENSP00000377546,40.4
9606.ENSP00000310573,40.1
9606.ENSP00000379287,39.5
9606.ENSP00000356946,39
9606.ENSP00000217456,38.4
9606.ENSP00000417138,38.1
9606.ENSP00000355124,37.9
9606.ENSP00000263368,37.8
9606.ENSP00000352071,37.3
9606.ENSP00000292896,36.7
9606.ENSP00000328359,36.5
9606.ENSP00000372136,36.5
9606.ENSP00000372139,36.5
9606.ENSP00000357711,36.5
9606.ENSP00000168148,36.3
9606.ENSP00000234313,36.2
9606.ENSP00000342026,35.2
9606.ENSP00000496166,35.2
9606.ENSP00000496470,35.2
9606.ENSP00000251643,34.6
9606.ENSP00000221476,34.1
9606.ENSP00000328484,33.2
9606.ENSP00000341094,33.2
9606.ENSP00000351589,33.2
9606.ENSP00000352119,33.2
9606.ENSP00000352627,33.2
9606.ENSP00000366679,33.2
9606.ENSP00000438553,33.2
9606.ENSP00000482431,33.2
9606.ENSP00000482538,33.2
9606.ENSP00000332194,32.5
9606.ENSP00000358155,32.5
9606.ENSP00000475814,32.5
9606.ENSP00000485952,31.9
9606.ENSP00000357542,31.1
9606.ENSP00000379873,30.9
9606.ENSP00000268613,30.8
9606.ENSP00000489311,28.5
9606.ENSP00000478771,28.3
9606.ENSP00000366109,27.5
9606.ENSP00000264474,27.5
9606.ENSP00000321744,26.8
9606.ENSP00000348924,26.8
9606.ENSP00000366962,26.8
9606.ENSP00000445633,26.8
9606.ENSP00000489317,26.8
9606.ENSP00000349430,26.8
9606.ENSP00000481622,26.8
9606.ENSP00000491341,26.8
9606.ENSP00000358151,26.8
9606.ENSP00000289316,26.7
9606.ENSP00000366618,26.7
9606.ENSP00000477907,26.7
9606.ENSP00000479169,26.7
9606.ENSP00000483903,26.7
9606.ENSP00000476136,26.7
9606.ENSP00000477527,26.6
9606.ENSP00000482674,26.6
9606.ENSP00000479284,26.6
9606.ENSP00000445831,25.9
9606.ENSP00000269593,25.8
9606.ENSP00000334798,25.5
9606.ENSP00000329890,24.8
9606.ENSP00000225964,23.7
9606.ENSP00000319281,23.6
9606.ENSP00000335024,23.3
9606.ENSP00000362413,23.3
9606.ENSP00000320171,23.1
9606.ENSP00000262746,22.8
9606.ENSP00000303373,22.4
9606.ENSP00000355656,22.4
9606.ENSP00000367022,22.4
9606.ENSP00000483842,22.4
9606.ENSP00000498577,22.1
9606.ENSP00000233813,22.1
9606.ENSP00000300060,22
9606.ENSP00000400010,21.8
9606.ENSP00000257192,21.6
9606.ENSP00000291009,21.6
9606.ENSP00000494125,21.5
9606.ENSP00000265371,21.1
9606.ENSP00000449404,21
9606.ENSP00000495192,20.4
9606.ENSP00000330101,20.1
9606.ENSP00000261313,20.1
9606.ENSP00000378731,19.7
9606.ENSP00000339063,19.4
9606.ENSP00000369071,19.3
9606.ENSP00000297012,19.1
9606.ENSP00000447006,18.7
9606.ENSP00000434024,18.5
9606.ENSP00000251645,18.3
9606.ENSP00000363641,18.2
9606.ENSP00000274793,17.7
9606.ENSP00000246006,17.4
9606.ENSP00000448220,17.1
9606.ENSP00000332790,16.8
9606.ENSP00000348888,16.7
9606.ENSP00000413479,16.6
9606.ENSP00000219070,16.5
9606.ENSP00000418112,16.3
9606.ENSP00000274764,16
9606.ENSP00000260702,15.7
9606.ENSP00000416706,15.5
9606.ENSP00000353731,15.1
9606.ENSP00000438024,15
9606.ENSP00000417207,14.9
9606.ENSP00000445175,14.7
9606.ENSP00000314807,14.7
9606.ENSP00000216492,14.2
9606.ENSP00000357791,14.1
9606.ENSP00000361511,14
9606.ENSP00000320866,13.8
9606.ENSP00000241261,13.6
9606.ENSP00000244537,13.6
9606.ENSP00000347168,13.6
9606.ENSP00000366974,13.6
9606.ENSP00000367034,13.6
9606.ENSP00000443017,13.6
9606.ENSP00000462355,13.6
9606.ENSP00000462667,13.6
9606.ENSP00000479106,13.6
9606.ENSP00000479461,13.6
9606.ENSP00000479794,13.6
9606.ENSP00000480960,13.6
9606.ENSP00000481486,13.6
9606.ENSP00000484789,13.6
9606.ENSP00000489236,13.6
9606.ENSP00000228938,13
9606.ENSP00000493701,13
9606.ENSP00000271638,12.9
9606.ENSP00000248553,12.9
9606.ENSP00000378517,12.7
9606.ENSP00000361064,12.7
9606.ENSP00000256103,12.4
9606.ENSP00000484411,12.1
9606.ENSP00000357922,12
9606.ENSP00000500990,12
9606.ENSP00000225927,11.9
9606.ENSP00000261769,11.6
9606.ENSP00000291568,11.6
9606.ENSP00000481109,11.5
9606.ENSP00000303208,11.4
9606.ENSP00000307705,10.8
9606.ENSP00000233997,10.7
9606.ENSP00000251646,10.7
9606.ENSP00000495530,10.3
9606.ENSP00000478458,10.2
9606.ENSP00000369129,10.2
9606.ENSP00000377508,10.2
9606.ENSP00000386786,9.86
9606.ENSP00000439189,9.83
9606.ENSP00000261590,9.82
9606.ENSP00000259486,9.72
9606.ENSP00000357453,9.56
9606.ENSP00000402861,9.54
9606.ENSP00000339730,9.49
9606.ENSP00000307975,9.35
9606.ENSP00000216181,9.34
9606.ENSP00000441543,9.33
9606.ENSP00000298159,9.14
9606.ENSP00000386498,9.13
9606.ENSP00000378431,9.04
9606.ENSP00000265016,9.02
9606.ENSP00000236671,8.62
9606.ENSP00000007735,8.14
9606.ENSP00000346032,8.12
9606.ENSP00000229270,7.99
9606.ENSP00000359539,7.8
9606.ENSP00000324105,7.73
9606.ENSP00000308716,7.7
9606.ENSP00000391481,7.41
9606.ENSP00000312326,7.35
9606.ENSP00000307240,7.21
9606.ENSP00000306261,7.18
9606.ENSP00000383003,7.12
9606.ENSP00000377570,7.02
9606.ENSP00000489910,7.01
9606.ENSP00000215909,6.97
9606.ENSP00000348163,6.88
9606.ENSP00000496494,6.87
9606.ENSP00000336831,6.86
9606.ENSP00000299198,6.77
9606.ENSP00000392718,6.74
9606.ENSP00000351022,6.74
9606.ENSP00000442920,6.73
9606.ENSP00000446007,6.72
9606.ENSP00000365402,6.53
9606.ENSP00000307014,6.49
9606.ENSP00000284240,6.32
9606.ENSP00000316029,6.32
9606.ENSP00000329243,6.28
9606.ENSP00000355180,6.03
9606.ENSP00000339477,5.99
9606.ENSP00000264651,5.9
9606.ENSP00000339566,5.87
9606.ENSP00000485129,5.7
9606.ENSP00000296417,5.64
9606.ENSP00000308405,5.64
9606.ENSP00000300026,5.55
9606.ENSP00000008938,5.54
9606.ENSP00000472469,5.38
9606.ENSP00000437402,5.36
9606.ENSP00000437783,5.33
9606.ENSP00000305731,5.31
9606.ENSP00000221130,5.24
9606.ENSP00000363827,5.11
9606.ENSP00000352798,5.1
9606.ENSP00000331736,5.08
9606.ENSP00000271450,5.07
9606.ENSP00000446252,4.99
9606.ENSP00000387176,4.96
9606.ENSP00000248437,4.95
9606.ENSP00000288135,4.92
9606.ENSP00000325240,4.89
9606.ENSP00000351497,4.89
9606.ENSP00000357981,4.86
9606.ENSP00000353393,4.84
9606.ENSP00000377558,4.83
9606.ENSP00000361405,4.83
9606.ENSP00000295550,4.81
9606.ENSP00000336799,4.74
9606.ENSP00000439020,4.74
9606.ENSP00000345672,4.61
9606.ENSP00000280706,4.6
9606.ENSP00000267119,4.55
9606.ENSP00000313571,4.52
9606.ENSP00000367891,4.52
9606.ENSP00000355228,4.52
9606.ENSP00000376886,4.51
9606.ENSP00000257974,4.43
9606.ENSP00000340989,4.39
9606.ENSP00000296350,4.37
9606.ENSP00000262768,4.31
9606.ENSP00000369349,4.28
9606.ENSP00000330074,4.27
9606.ENSP00000305995,4.22
9606.ENSP00000261937,4.19
9606.ENSP00000363603,4.1
9606.ENSP00000444533,4.05
9606.ENSP00000269141,4.01
9606.ENSP00000256104,3.99
9606.ENSP00000225899,3.96
9606.ENSP00000360858,3.94
9606.ENSP00000379682,3.92
9606.ENSP00000481056,3.87
9606.ENSP00000263686,3.87
9606.ENSP00000443475,3.87
9606.ENSP00000257951,3.86
9606.ENSP00000360997,3.85
9606.ENSP00000244534,3.82
9606.ENSP00000349320,3.8
9606.ENSP00000297283,3.76
9606.ENSP00000293745,3.73
9606.ENSP00000215754,3.67
9606.ENSP00000341289,3.63
9606.ENSP00000264187,3.62
9606.ENSP00000437125,3.57
9606.ENSP00000002165,3.57
9606.ENSP00000293670,3.52
9606.ENSP00000347495,3.51
9606.ENSP00000359991,3.44
9606.ENSP00000257901,3.31
9606.ENSP00000264335,3.27
9606.ENSP00000251268,3.26
9606.ENSP00000442600,3.24
9606.ENSP00000463939,3.23
9606.ENSP00000339001,3.16
9606.ENSP00000326042,3.08
9606.ENSP00000382982,3.08
9606.ENSP00000217423,3.07
9606.ENSP00000318197,3
9606.ENSP00000263598,2.94
9606.ENSP00000218230,2.87
9606.ENSP00000310219,2.8
9606.ENSP00000360609,2.77
9606.ENSP00000365458,2.74
9606.ENSP00000479168,2.73
9606.ENSP00000167588,2.69
9606.ENSP00000396722,2.66
9606.ENSP00000306330,2.63
9606.ENSP00000263168,2.61
9606.ENSP00000254301,2.57
9606.ENSP00000468002,2.57
9606.ENSP00000368314,2.5
9606.ENSP00000353025,2.49
9606.ENSP00000313699,2.44
9606.ENSP00000297268,2.44
9606.ENSP00000433112,2.43
9606.ENSP00000284981,2.43
9606.ENSP00000376889,2.41
9606.ENSP00000480150,2.41
9606.ENSP00000369921,2.39
9606.ENSP00000225550,2.32
9606.ENSP00000337060,2.31
9606.ENSP00000275493,2.27
9606.ENSP00000497225,2.25
9606.ENSP00000226207,2.23
9606.ENSP00000361930,2.23
9606.ENSP00000361097,2.21
9606.ENSP00000374013,2.17
9606.ENSP00000217182,2.11
9606.ENSP00000373489,2.06
9606.ENSP00000329165,2.04
9606.ENSP00000345347,2.04
9606.ENSP00000361867,1.98
9606.ENSP00000493664,1.95
9606.ENSP00000299767,1.94
9606.ENSP00000335153,1.93
9606.ENSP00000346694,1.92
9606.ENSP00000354532,1.9
9606.ENSP00000246646,1.9
9606.ENSP00000410452,1.89
9606.ENSP00000373370,1.87
9606.ENSP00000308208,1.85
9606.ENSP00000250495,1.84
9606.ENSP00000248975,1.8
9606.ENSP00000311997,1.8
9606.ENSP00000378199,1.79
9606.ENSP00000278572,1.79
9606.ENSP00000257198,1.74
9606.ENSP00000341826,1.72
9606.ENSP00000264071,1.69
9606.ENSP00000412189,1.68
9606.ENSP00000355751,1.67
9606.ENSP00000435096,1.67
9606.ENSP00000426455,1.66
9606.ENSP00000371267,1.66
9606.ENSP00000360882,1.66
9606.ENSP00000323927,1.66
9606.ENSP00000285381,1.64
9606.ENSP00000370867,1.62
9606.ENSP00000399168,1.61
9606.ENSP00000366047,1.6
9606.ENSP00000357283,1.59
9606.ENSP00000498584,1.59
9606.ENSP00000304408,1.57
9606.ENSP00000357726,1.55
9606.ENSP00000211076,1.53
9606.ENSP00000364711,1.53
9606.ENSP00000460236,1.5
9606.ENSP00000283752,1.5
9606.ENSP00000405965,1.48
9606.ENSP00000385080,1.48
9606.ENSP00000246957,1.47
9606.ENSP00000364805,1.46
9606.ENSP00000230050,1.41
9606.ENSP00000333326,1.41
9606.ENSP00000221891,1.38
9606.ENSP00000259818,1.37
9606.ENSP00000369703,1.37
9606.ENSP00000340019,1.37
9606.ENSP00000188790,1.34
9606.ENSP00000452786,1.34
9606.ENSP00000380367,1.34
9606.ENSP00000370115,1.31
9606.ENSP00000365817,1.3
9606.ENSP00000354739,1.3
9606.ENSP00000220478,1.29
9606.ENSP00000496250,1.29
9606.ENSP00000470972,1.27
9606.ENSP00000262418,1.26
9606.ENSP00000376309,1.25
9606.ENSP00000366024,1.24
9606.ENSP00000339933,1.24
9606.ENSP00000283296,1.22
9606.ENSP00000440125,1.21
9606.ENSP00000346088,1.21
9606.ENSP00000361855,1.21
9606.ENSP00000405338,1.18
9606.ENSP00000216338,1.17
9606.ENSP00000351646,1.16
9606.ENSP00000327513,1.09
9606.ENSP00000357801,1.09
9606.ENSP00000225430,1.07
9606.ENSP00000446215,1.07
9606.ENSP00000368970,1.07
9606.ENSP00000351807,1.05
9606.ENSP00000379506,1.05
9606.ENSP00000318635,1.04
9606.ENSP00000343577,1.04
9606.ENSP00000339795,1.04
9606.ENSP00000401010,1.03
9606.ENSP00000263946,1.03
9606.ENSP00000377941,1.02
9606.ENSP00000343445,1
9606.ENSP00000451291,1
9606.ENSP00000287097,0.973
9606.ENSP00000350090,0.971
9606.ENSP00000378563,0.958
9606.ENSP00000482743,0.934
9606.ENSP00000409666,0.927
9606.ENSP00000320295,0.915
9606.ENSP00000385923,0.91
9606.ENSP00000353030,0.908
9606.ENSP00000310226,0.902
9606.ENSP00000377616,0.892
9606.ENSP00000387286,0.856
9606.ENSP00000434279,0.832
9606.ENSP00000225275,0.815
9606.ENSP00000341214,0.811
9606.ENSP00000244573,0.8
9606.ENSP00000422176,0.783
9606.ENSP00000380514,0.78
9606.ENSP00000386717,0.769
9606.ENSP00000222374,0.755
9606.ENSP00000429374,0.753
9606.ENSP00000361083,0.725
9606.ENSP00000219150,0.725
9606.ENSP00000252699,0.699
9606.ENSP00000297029,0.698
9606.ENSP00000296503,0.68
9606.ENSP00000255381,0.658
9606.ENSP00000376297,0.648
9606.ENSP00000477310,0.648
9606.ENSP00000381607,0.644
9606.ENSP00000299427,0.636
9606.ENSP00000451560,0.611
9606.ENSP00000359345,0.607
9606.ENSP00000364801,0.605
9606.ENSP00000364802,0.605
9606.ENSP00000249330,0.599
9606.ENSP00000389351,0.592
9606.ENSP00000431813,0.576
9606.ENSP00000456206,0.575
9606.ENSP00000253408,0.568
9606.ENSP00000484609,0.567
9606.ENSP00000265071,0.561
9606.ENSP00000357106,0.554
9606.ENSP00000365950,0.548
9606.ENSP00000291295,0.544
9606.ENSP00000499797,0.544
9606.ENSP00000222968,0.537
9606.ENSP00000349437,0.534
9606.ENSP00000253799,0.532
9606.ENSP00000427985,0.519
9606.ENSP00000499717,0.512
9606.ENSP00000296674,0.511
9606.ENSP00000318697,0.499
9606.ENSP00000358866,0.493
9606.ENSP00000337632,0.469
9606.ENSP00000225525,0.463
9606.ENSP00000404570,0.459
9606.ENSP00000347507,0.454
9606.ENSP00000386041,0.453
9606.ENSP00000363891,0.444
9606.ENSP00000385958,0.444
9606.ENSP00000336687,0.438
9606.ENSP00000351777,0.432
9606.ENSP00000497249,0.432
9606.ENSP00000385706,0.427
9606.ENSP00000231004,0.42
9606.ENSP00000361626,0.419
9606.ENSP00000431482,0.415
9606.ENSP00000434412,0.406
9606.ENSP00000359645,0.399
9606.ENSP00000309477,0.397
9606.ENSP00000418823,0.396
9606.ENSP00000338769,0.389
9606.ENSP00000377296,0.388
9606.ENSP00000308970,0.386
9606.ENSP00000446099,0.383
9606.ENSP00000261978,0.375
9606.ENSP00000303276,0.375
9606.ENSP00000444935,0.374
9606.ENSP00000384964,0.371
9606.ENSP00000345957,0.36
9606.ENSP00000384330,0.346
9606.ENSP00000368244,0.342
9606.ENSP00000481646,0.339
9606.ENSP00000341743,0.33
9606.ENSP00000353007,0.322
9606.ENSP00000369538,0.316
9606.ENSP00000361076,0.316
9606.ENSP00000487719,0.316
9606.ENSP00000427866,0.295
9606.ENSP00000311430,0.295
9606.ENSP00000446916,0.292
9606.ENSP00000161006,0.289
9606.ENSP00000307786,0.288
9606.ENSP00000400365,0.287
9606.ENSP00000386043,0.284
9606.ENSP00000366984,0.28
9606.ENSP00000454341,0.278
9606.ENSP00000360034,0.275
9606.ENSP00000375678,0.244
9606.ENSP00000496713,0.228
9606.ENSP00000416293,0.223
9606.ENSP00000499129,0.22
9606.ENSP00000330484,0.218
9606.ENSP00000359096,0.218
9606.ENSP00000359100,0.218
9606.ENSP00000379616,0.218
9606.ENSP00000341885,0.217
9606.ENSP00000354610,0.21
9606.ENSP00000481450,0.21
9606.ENSP00000381736,0.21
9606.ENSP00000353590,0.201
9606.ENSP00000297185,0.196
9606.ENSP00000340466,0.18
9606.ENSP00000360569,0.177
9606.ENSP00000217133,0.176
9606.ENSP00000498019,0.17
9606.ENSP00000052754,0.166
9606.ENSP00000233468,0.165
9606.ENSP00000216336,0.162
9606.ENSP00000385269,0.16
9606.ENSP00000447000,0.157
9606.ENSP00000478017,0.147
9606.ENSP00000485450,0.147
9606.ENSP00000365370,0.142
9606.ENSP00000479203,0.142
9606.ENSP00000273550,0.14
9606.ENSP00000491215,0.14
9606.ENSP00000284767,0.138
9606.ENSP00000357362,0.132
9606.ENSP00000345656,0.131
9606.ENSP00000484497,0.13
9606.ENSP00000377060,0.126
9606.ENSP00000481917,0.123
9606.ENSP00000371230,0.111
9606.ENSP00000497641,0.109
9606.ENSP00000372221,0.107
9606.ENSP00000303108,0.106
9606.ENSP00000216286,0.105
9606.ENSP00000293831,0.103
9606.ENSP00000326381,0.103
9606.ENSP00000313007,0.099
9606.ENSP00000418081,0.093
9606.ENSP00000290299,0.093
9606.ENSP00000307940,0.092
9606.ENSP00000300175,0.091
9606.ENSP00000281589,0.089
9606.ENSP00000464317,0.088
9606.ENSP00000462435,0.086
9606.ENSP00000307540,0.085
9606.ENSP00000234347,0.081
9606.ENSP00000495214,0.079
9606.ENSP00000266732,0.079
9606.ENSP00000349541,0.078
9606.ENSP00000419449,0.075
9606.ENSP00000453508,0.072
9606.ENSP00000389103,0.072
9606.ENSP00000394107,0.072
9606.ENSP00000429243,0.068
9606.ENSP00000421592,0.066
9606.ENSP00000265753,0.065
9606.ENSP00000300527,0.065
9606.ENSP00000362238,0.062
9606.ENSP00000414321,0.062
9606.ENSP00000418529,0.061
9606.ENSP00000261381,0.06
9606.ENSP00000254976,0.056
9606.ENSP00000325376,0.055
9606.ENSP00000484472,0.054
9606.ENSP00000264993,0.053
9606.ENSP00000221801,0.05
9606.ENSP00000286713,0.043
9606.ENSP00000265709,0.043
9606.ENSP00000380033,0.041
9606.ENSP00000407422,0.036
9606.ENSP00000271835,0.034
9606.ENSP00000454786,0.033
9606.ENSP00000495909,0.033
9606.ENSP00000492441,0.032
9606.ENSP00000481762,0.03
9606.ENSP00000217426,0.03
9606.ENSP00000310129,0.028
9606.ENSP00000246194,0.028
9606.ENSP00000485117,0.028
9606.ENSP00000367038,0.027
9606.ENSP00000339467,0.026
9606.ENSP00000359114,0.026
9606.ENSP00000264161,0.025
9606.ENSP00000470555,0.023
9606.ENSP00000283916,0.023
9606.ENSP00000378292,0.022
9606.ENSP00000406209,0.022
9606.ENSP00000380697,0.022
9606.ENSP00000257860,0.022
9606.ENSP00000264553,0.021
9606.ENSP00000313581,0.019
9606.ENSP00000246069,0.018
9606.ENSP00000305005,0.017
9606.ENSP00000423563,0.017
9606.ENSP00000349142,0.017
9606.ENSP00000482169,0.017
9606.ENSP00000357644,0.016
9606.ENSP00000498653,0.016
9606.ENSP00000384770,0.016
9606.ENSP00000394071,0.015
9606.ENSP00000262626,0.015
9606.ENSP00000332215,0.015
9606.ENSP00000369677,0.014
9606.ENSP00000261366,0.013
9606.ENSP00000386104,0.013
9606.ENSP00000308022,0.013
9606.ENSP00000292125,0.013
9606.ENSP00000364000,0.012
9606.ENSP00000369784,0.01
9606.ENSP00000361949,0.009
9606.ENSP00000313420,0.007
9606.ENSP00000296498,0.007
9606.ENSP00000360268,0.006
9606.ENSP00000296755,0.006
9606.ENSP00000336741,0.006
9606.ENSP00000467141,0.006
9606.ENSP00000252951,0.006
9606.ENSP00000369042,0.005
9606.ENSP00000310670,0.005
9606.ENSP00000362352,0.004
9606.ENSP00000323856,0.003
9606.ENSP00000325527,0.002
9606.ENSP00000411532,0.002
9606.ENSP00000264331,0.001
9606.ENSP00000432568,0.001
9606.ENSP00000349259,0.001
9606.ENSP00000484342,0.001
